中文名称,英文名称,物质描述,EC号,CAS号
乙二醇二甲醚,"1, 2-dimethoxyethane; ethylene glycol dimethyl ether (EGDME)",,203-794-9,110-71-4
"1,1'-(乙烷-1,2-二基)双[五溴苯]（DBDPE）","1,1'-(ethane-1,2-diyl)bis[pentabromobenzene] (DBDPE)",,284-366-9,84852-53-9
"1,2-二(2,4,6-三溴苯氧基)乙烷","1,1'-[ethane-1,2-diylbisoxy]bis[2,4,6-tribromobenzene]",,253-692-3,37853-59-1
甲基三(三甲基硅氧烷基)硅烷,"1,1,1,3,5,5,5-heptamethyl-3-[(trimethylsilyl)oxy]trisiloxane",,241-867-7,17928-28-8
"1,2,3-三氯丙烷","1,2,3-trichloropropane",,202-486-1,96-18-4
邻苯二甲酸二C6-8支,"1,2-Benzenedicarboxylic acid, di-C6-8-branched alkyl esters, C7-rich",,276-158-1,71888-89-6
邻苯二甲酸二(C7-C11支链与直链)烷基酯（DHNUP）,"1,2-Benzenedicarboxylic acid, di-C7-11-branched and linear alkyl esters",,271-084-6,68515-42-4
邻苯二甲酸二己酯（支链与直链）,"1,2-Benzenedicarboxylic acid, dihexyl ester, branched and linear",,271-093-5,68515-50-4
支链和直链1，2-苯二羧二戊酯,"1,2-Benzenedicarboxylic acid, dipentyl ester, branched and linear",,284-032-2,84777-06-0
三甘醇二甲醚,"1,2-bis(2-methoxyethoxy)ethane (TEGDME; triglyme)",,203-977-3,112-49-2
"1,2-二氯乙烷（EDC）","1,2-dichloroethane",,203-458-1,107-06-2
乙二醇二乙醚,"1,2-diethoxyethane",,211-076-1,629-14-1
异氰尿酸三缩水甘油酯,"1,3,5-Tris(oxiran-2-ylmethyl)-1,3,5-triazinane-2,4,6-trione (TGIC)",,219-514-3,2451-62-9
异氰尿酸三缩水甘油酯（TGIC）,"1,3,5-tris[(2S and 2R)-2,3-epoxypropyl]-1,3,5-triazine-2,4,6-(1H,3H,5H)-trione",TEPIC-H,423-400-0,59653-74-6
"1,3-丙烷磺内酯","1,3-propanesultone",,214-317-9,1120-71-4
1-4二恶烷,"1,4-dioxane",,204-661-8,123-91-1
3-亚苄基樟脑,"1,7,7-trimethyl-3-(phenylmethylene)bicyclo[2.2.1]heptan-2-one",,239-139-9,15087-24-8
溴代正丙烷,1-bromopropane (n-propyl bromide),,203-445-0,106-94-5
1-甲基-2-吡咯烷酮,1-Methyl-2-pyrrolidone (NMP),,212-828-1,872-50-4
1-乙烯基咪唑,1-vinylimidazole,,214-012-0,1072-63-5
四溴双酚A,"2,2',6,6'-tetrabromo-4,4'-isopropylidenediphenol",,201-236-9,79-94-7
"4,4'-二氨基-3,3'-二氯二苯甲烷(MOCA)","2,2'-dichloro-4,4'-methylenedianiline",,202-918-9,101-14-4
"4,4’-(1,3-二甲基丁基)二苯酚","2,2-bis(4'-hydroxyphenyl)-4-methylpentane",,401-720-1,6807-17-6
"2,2-双(溴甲基)-1,3-丙二醇（BMP）；三溴新戊醇（TBNPA）；2,3-二溴-1-丙醇（2,3-DBPA）","2,2-bis(bromomethyl)propane-1,3-diol (BMP); 2,2-dimethylpropan-1-ol, tribromo derivative/3-bromo-2,2-bis(bromomethyl)-1-propanol (TBNPA); 2,3-dibromo-1-propanol (2,3-DBPA)",,799-968-1,
"2,3,3,3-四氟-2-(七氟丙氧基)丙酸及其盐类和酰卤","2,3,3,3-tetrafluoro-2-(heptafluoropropoxy)propionic acid, its salts and its acyl halides",,799-974-4,
"2,4,6-三叔丁基苯酚","2,4,6-tri-tert-butylphenol",,211-989-5,732-26-3
紫外线吸收剂UV-327,"2,4-di-tert-butyl-6-(5-chlorobenzotriazol-2-yl)phenol (UV-327)",,223-383-8,3864-99-1
"2,4-二硝基甲苯","2,4-dinitrotoluene",,204-450-0,121-14-2
"2-(3,5-二叔戊基-2-羟苯基)苯并三唑；紫外线吸收剂UV-328","2-(2H-benzotriazol-2-yl)-4,6-ditertpentylphenol (UV-328)",,247-384-8,25973-55-1
"2-(2H-苯并三唑-2-基)-4-(1,1,3,3-四甲基丁基)苯酚（UV-329）","2-(2H-benzotriazol-2-yl)-4-(1,1,3,3-tetramethylbutyl)phenol (UV-329)",,221-573-5,3147-75-9
2-(2'-羟基-3'-异丁基-5'-叔丁基苯基)苯并三唑,2-(2H-benzotriazol-2-yl)-4-(tert-butyl)-6-(sec-butyl)phenol (UV-350),,253-037-1,36437-37-3
2-(4-叔丁基苄基)丙醛及其单个立体异构体,2-(4-tert-butylbenzyl)propionaldehyde and its individual stereoisomers,,799-970-2,
2-(4-甲基苄基)-2-(二甲基氨基)-1-(4-吗啉苯基)-1-丁酮,2-(dimethylamino)-2-[(4-methylphenyl)methyl]-1-[4-(morpholin-4-yl)phenyl]butan-1-one,,438-340-0,119344-86-4
"2-(2'-羟基-3',5'-二叔丁基苯基)-苯并三唑；紫外线吸收剂UV-320","2-benzotriazol-2-yl-4,6-di-tert-butylphenol (UV-320)",,223-346-6,3846-71-7
2-苄基-2-二甲基氨基-1-(4-吗啉苯基)丁酮,2-benzyl-2-dimethylamino-4'-morpholinobutyrophenone,,404-360-3,119313-12-1
乙二醇单乙醚,2-ethoxyethanol,,203-804-1,110-80-5
乙二醇乙醚醋酸酯,2-ethoxyethyl acetate,,203-839-2,111-15-9
二正辛基-双（巯乙酸2-乙基己酯）锡（DOTE）,"2-ethylhexyl 10-ethyl-4,4-dioctyl-7-oxo-8-oxa-3,5-dithia-4-stannatetradecanoate (DOTE)",,239-622-4,15571-58-1
邻甲氧基苯胺,"2-Methoxyaniline, o-Anisidine",,201-963-1,90-04-0
乙二醇单甲醚,2-methoxyethanol,,203-713-7,109-86-4
2-甲氧基乙酸乙酯,2-methoxyethyl acetate,,203-772-9,110-49-6
2-甲基-1-(4-甲硫基苯基)-2-吗啉基-1-丙酮,2-methyl-1-(4-methylthiophenyl)-2-morpholinopropan-1-one,,400-600-6,71868-10-5
2-甲基咪唑,2-methylimidazole,,211-765-7,693-98-1
3-乙基-2-甲基-2-(3-甲基丁基)噁唑烷,"3-ethyl-2-methyl-2-(3-methylbutyl)-1,3-oxazolidine",,421-150-7,143860-04-2
"4,4'-二氨基二苯基甲烷","4,4'- Diaminodiphenylmethane (MDA)",,202-974-4,101-77-9
"4,4’-(1-甲基亚丙基)双酚","4,4'-(1-methylpropylidene)bisphenol",,201-025-1,77-40-7
"4,4'-双(二甲氨基)-4''-(甲氨基)三苯甲醇","4,4'-bis(dimethylamino)-4''-(methylamino)trityl alcohol",,209-218-2,561-41-1
米氏酮,"4,4'-bis(dimethylamino)benzophenone (Michler’s ketone)",,202-027-5,90-94-8
双酚A（BPA）,"4,4'-isopropylidenediphenol",,201-245-8,80-05-7
3.3'-二甲基-4.4'二氨基二苯甲烷,"4,4'-methylenedi-o-toluidine",,212-658-8,838-88-0
双酚S,"4,4'-sulphonyldiphenol",,201-250-5,80-09-1
对特辛基苯酚,"4-(1,1,3,3-tetramethylbutyl)phenol",,205-426-2,140-66-9
"4-(1,1,3,3-四甲基丁基)苯酚乙氧基化物","4-(1,1,3,3-tetramethylbutyl)phenol, ethoxylated","covering well-defined substances and UVCB substances, polymers and homologues",799-991-7,
4-阿基苯甲酯,4-aminoazobenzene,,200-453-6,60-09-3
"2,4-二氨基甲苯","4-methyl-m-phenylenediamine (toluene-2,4-diamine)",,202-453-1,95-80-7
4-壬基(支链与直链)苯酚，乙氧基，包括含有9个碳烷基链的所有独立的同分异构体和所有含有线性或分支9个碳烷基链的UVCB物质,"4-Nonylphenol, branched and linear, ethoxylated","substances with a linear and/or branched alkyl chain with a carbon number of 9 covalently bound in position 4 to phenol, ethoxylated covering UVCB- and well-defined substances, polymers and homologues, which include any of the individual isomers and/or combinations thereof",799-990-1,
4-叔丁基苯酚,4-tert-butylphenol,,202-679-0,98-54-4
二甲苯麝香,"5-tert-butyl-2,4,6-trinitro-m-xylene (Musk xylene)",,201-329-4,81-15-2
"6,6'-二叔丁基-2,2'-亚甲基二对甲酚","6,6'-di-tert-butyl-2,2'-methylenedi-p-cresol",,204-327-1,119-47-1
"6-[(C10-C13)-支链不饱和烷基]-2,5-二氧代吡咯烷-1-基己酸","6-[(C10-C13)-alkyl-(branched, unsaturated)-2,5-dioxopyrrolidin-1-yl]hexanoic acid",,701-118-1,2156592-54-8
2-甲氧基-5-甲基苯胺,6-methoxy-m-toluidine (p-cresidine),,204-419-1,120-71-8
结晶紫；甲基紫；龙胆紫；碱性紫3,"[4-[4,4'-bis(dimethylamino)benzhydrylidene]cyclohexa-2,5-dien-1-ylidene]dimethylammonium chloride",,208-953-6,548-62-9
碱性蓝26,"[4-[[4-anilino-1-naphthyl][4-(dimethylamino)phenyl]methylene]cyclohexa-2,5-dien-1-ylidene]dimethylammonium chloride",,219-943-6,2580-56-5
二盐基邻苯二甲酸铅,[Phthalato(2-)]dioxotrilead,,273-688-5,69011-06-9
乙酸铅,"Acetic acid, lead salt, basic",,257-175-3,51404-69-4
丙烯酰胺,Acrylamide,,201-173-7,79-06-1
C10-13短链氯化石蜡,"Alkanes, C10-13, chloro (Short Chain Chlorinated Paraffins)",,287-476-5,85535-84-8
重铬酸铵,Ammonium dichromate,,232-143-1,7789-09-5
全氟辛酸铵（APFO）,Ammonium pentadecafluorooctanoate (APFO),,223-320-4,3825-26-1
蒽,Anthracene,,204-371-1,120-12-7
蒽油,Anthracene oil,"A complex combination of polycyclic aromatic hydrocarbons obtained from coal tar having an approximate distillation range of 300°C to 400°C (572°F to 752°F). Composed primarily of phenanthrene, anthracene and carbazole",292-602-7,90640-80-5
蒽油，蒽膏,"Anthracene oil, anthracene paste","The anthracene-rich solid obtained by the crystallization and centrifuging of anthracene oil. It is composed primarily of anthracene, carbazole and phenanthrene.",292-603-2,90640-81-6
蒽油，蒽糊，蒽馏分,"Anthracene oil, anthracene paste, anthracene fraction","A complex combination of hydrocarbons from the distillation of anthracene obtained by the crystallization of anthracene oil from bituminous high temperature tar and boiling in the range of 330°C to 350°C (626°F to 662°F). It contains chiefly anthracene, carbazole and phenanthrene.",295-275-9,91995-15-2
蒽油，蒽糊，轻油,"Anthracene oil, anthracene paste, distn. lights",A complex combination of hydrocarbons from the distillation of anthracene obtained by crystallization of anthracene oil from bituminous high temperature tar and boiling in the range of approximately 290°C to 340°C (554°F to 644°F). It contains chiefly trinuclear aromatics and their dihydro derivatives.,295-278-5,91995-17-4
蒽油，含蒽量少,"Anthracene oil, anthracene-low","The oil remaining after the removal, by a crystallization process, of an anthracene-rich solid (anthracene paste) from anthracene oil. It is composed primarily of two, three and four membered aromatic compounds.",292-604-8,90640-82-7
砷酸、原砷酸,Arsenic acid,,231-901-9,7778-39-4
偏硼酸钡,Barium diboron tetraoxide,,237-222-4,13701-59-2
苯并[a]蒽,Benz[a]anthracene,,200-280-6,56-55-3
"苯-1,2,4-三羧酸-1,2-酐(偏苯三酸酐)(TMA)","Benzene-1,2,4-tricarboxylic acid 1,2-anhydride",,209-008-0,552-30-7
苯并[a]芘,Benzo[def]chrysene (Benzo[a]pyrene),,200-028-5,50-32-8
"苯并(G,H,I)苝",Benzo[ghi]perylene,,205-883-8,191-24-2
苯并[k]荧蒽,Benzo[k]fluoranthene,,205-916-6,207-08-9
邻苯二甲酸丁芐酯,Benzyl butyl phthalate (BBP),,201-622-7,85-68-7
4-氨基联苯,Biphenyl-4-ylamine,,202-177-1,92-67-1
邻苯二甲酸双(2-乙基己基)酯,Bis (2-ethylhexyl)phthalate (DEHP),,204-211-0,117-81-7
四乙二醇二甲醚,Bis(2-(2-methoxyethoxy)ethyl)ether,,205-594-7,143-24-8
二乙二醇二甲醚,Bis(2-methoxyethyl) ether,,203-924-4,111-96-6
邻苯二甲酸二甲氧乙酯,Bis(2-methoxyethyl) phthalate,,204-212-6,117-82-8
"4,4-二氯二苯砜",bis(4-chlorophenyl) sulphone,,201-247-9,80-07-9
十溴二苯醚,Bis(pentabromophenyl) ether (decabromodiphenyl ether) (DecaBDE),,214-604-9,1163-19-5
三丁基氧化锡,Bis(tributyltin) oxide (TBTO),,200-268-0,56-35-9
过氧化二异丙苯,"Bis(α,α-dimethylbenzyl) peroxide",,201-279-3,80-43-3
"2-(5-氯-2H-苯三唑-2-基)-6-(1,1-二甲基乙基)-4-甲基苯酚",Bumetrizole (UV-326),,223-445-4,3896-11-5
对羟基苯甲酸正丁酯,Butyl 4-hydroxybenzoate,,202-318-7,94-26-8
镉,Cadmium,,231-152-8,7440-43-9
碳酸镉,Cadmium carbonate,,208-168-9,513-78-0
氯化镉,Cadmium chloride,,233-296-7,10108-64-2
氟化镉,Cadmium fluoride,,232-222-0,7790-79-6
氢氧化镉,Cadmium hydroxide,,244-168-5,21041-95-2
硝酸镉,Cadmium nitrate,,233-710-6,10325-94-7
氧化镉,Cadmium oxide,,215-146-2,1306-19-0
硫酸镉,"Cadmium sulphate
Cadmium sulphate",,"233-331-6
233-331-6","10124-36-4
31119-53-6"
硫化镉,Cadmium sulphide,,215-147-8,1306-23-6
砷酸钙,Calcium arsenate,,231-904-5,7778-44-1
三氧化铬,Chromium trioxide,,215-607-8,1333-82-0
䓛,Chrysene,,205-923-4,218-01-9
氯化钴,Cobalt dichloride,,231-589-4,7646-79-9
碳酸钴,Cobalt(II) carbonate,,208-169-4,513-79-1
醋酸钴,Cobalt(II) diacetate,,200-755-8,71-48-7
硝酸钴,Cobalt(II) dinitrate,,233-402-1,10141-05-6
硫酸钴,Cobalt(II) sulphate,,233-334-2,10124-43-3
十甲基环五硅氧烷(D5),Decamethylcyclopentasiloxane,,208-764-9,541-02-6
十甲基四硅氧烷,decamethyltetrasiloxane,,205-491-7,141-62-8
五氧化二砷,Diarsenic pentaoxide,,215-116-9,1303-28-2
三氧化二砷,Diarsenic trioxide,,215-481-4,1327-53-3
偶氮二甲酰胺,"Diazene-1,2-dicarboxamide (C,C'-azodi(formamide)) (ADCA)",,204-650-8,123-77-3
三氧化二硼,Diboron trioxide,,215-125-8,1303-86-2
邻苯二甲酸二丁酯,Dibutyl phthalate (DBP),,201-557-4,84-74-2
双（乙酰丙酮基）二丁基锡,"Dibutylbis(pentane-2,4-dionato-O,O')tin",,245-152-0,22673-19-4
二丁基二氯化锡,Dibutyltin dichloride (DBTC),,211-670-0,683-18-1
铬酸铬,Dichromium tris(chromate),,246-356-2,24613-89-6
邻苯二甲酸二环己酯(DCHP),Dicyclohexyl phthalate,,201-545-9,84-61-7
硫酸二乙酯,Diethyl sulphate,,200-589-6,64-67-5
邻苯二甲酸二己酯,Dihexyl phthalate,,201-559-5,84-75-3
邻苯二甲酸二异丁酯,Diisobutyl phthalate,,201-553-2,84-69-5
邻苯二甲酸二异己酯,Diisohexyl phthalate,,276-090-2,71850-09-4
邻苯二甲酸二异戊酯,Diisopentyl phthalate,,210-088-4,605-50-5
硫酸二甲酯,Dimethyl sulphate,,201-058-1,77-78-1
二硝丁酚,"Dinoseb (6-sec-butyl-2,4-dinitrophenol)",,201-861-7,88-85-7
二辛基锡二月桂酸酯、二辛基锡双(椰油酰氧基)衍生物及其他脂肪酰氧基衍生物（C12为主要碳数）,"Dioctyltin dilaurate, stannane, dioctyl-, bis(coco acyloxy) derivs., and any other stannane, dioctyl-, bis(fatty acyloxy) derivs. wherein C12 is the predominant carbon number of the fatty acyloxy moiety",,799-973-9,
双(十八酸基)二氧代三铅,Dioxobis(stearato)trilead,,235-702-8,12578-12-0
邻苯二甲酸二戊酯（DPP）,Dipentyl phthalate (DPP),,205-017-9,131-18-0
"(2,4,6-三甲基苯甲酰基)二苯基氧化膦","diphenyl(2,4,6-trimethylbenzoyl)phosphine oxide",,278-355-8,75980-60-8
刚果红,"Disodium 3,3'-[[1,1'-biphenyl]-4,4'-diylbis(azo)]bis(4-aminonaphthalene-1-sulphonate) (C.I. Direct Red 28)",,209-358-4,573-58-0
直接黑38,"Disodium 4-amino-3-[[4'-[(2,4-diaminophenyl)azo][1,1'-biphenyl]-4-yl]azo] -5-hydroxy-6-(phenylazo)naphthalene-2,7-disulphonate (C.I. Direct Black 38)",,217-710-3,1937-37-7
氧化硼钠,Disodium octaborate,,234-541-0,12008-41-2
无水四硼酸钠,"Disodium tetraborate, anhydrous
Disodium tetraborate, anhydrous
Disodium tetraborate, anhydrous",,"215-540-4
215-540-4
215-540-4","12179-04-3
1303-96-4
1330-43-4"
十二甲基环六硅氧烷(D6),Dodecamethylcyclohexasiloxane,,208-762-8,540-97-6
乙二胺,Ethylenediamine,,203-468-6,107-15-3
C16-18-脂肪酸铅盐,"Fatty acids, C16-18, lead salts",,292-966-7,91031-62-8
荧蒽,Fluoranthene,,205-912-4,206-44-0
甲醛与苯胺的聚合物,"Formaldehyde, oligomeric reaction products with aniline",,500-036-1,25214-70-4
甲酰胺,Formamide,,200-842-0,75-12-7
呋喃,Furan,,203-727-3,110-00-9
戊二醛,glutaral,,203-856-5,111-30-8
全氟十一烷酸,Henicosafluoroundecanoic acid,,218-165-4,2058-94-8
全氟代十四酸,Heptacosafluorotetradecanoic acid,,206-803-4,376-06-7
肼,"Hydrazine
Hydrazine",,"206-114-9
206-114-9","302-01-2
7803-57-8"
"1,2-亚乙基硫脲",Imidazolidine-2-thione (2-imidazoline-2-thiol),,202-506-9,96-45-7
4-羟基苯甲酸2-甲基丙酯,Isobutyl 4-hydroxybenzoate,,224-208-8,4247-02-3
铅,Lead,,231-100-4,7439-92-1
四氟硼酸铅,Lead bis(tetrafluoroborate),,237-486-0,13814-96-5
铬酸铅,Lead chromate,,231-846-0,7758-97-6
铬酸铅钼酸盐硫酸盐红（C.I.颜料红104）,Lead chromate molybdate sulfate red,"This substance is identified in the Colour Index by Colour Index Constitution Number, C.I. 77605.",235-759-9,12656-85-8
氨基氰铅(2+)盐(1:1),Lead cyanamidate,,244-073-9,20837-86-9
醋酸铅,Lead di(acetate),,206-104-4,301-04-2
迭氮化铅,"Lead diazide, Lead azide",,236-542-1,13424-46-9
硝酸铅,Lead dinitrate,,233-245-9,10099-74-8
苦味酸铅,Lead dipicrate,,229-335-2,6477-64-1
砷酸氢铅,Lead hydrogen arsenate,,232-064-2,7784-40-9
黄丹（一氧化铅）,Lead monoxide (lead oxide),,215-267-0,1317-36-8
碱式硫酸铅,Lead oxide sulfate,,234-853-7,12036-76-9
史蒂芬酸铅,Lead styphnate,,239-290-0,15245-44-0
C.I.颜料黄34,Lead sulfochromate yellow,"This substance is identified in the Colour Index by Colour Index Constitution Number, C.I. 77603.",215-693-7,1344-37-2
钛酸铅,Lead titanium trioxide,,235-038-9,12060-00-3
钛酸铅锆,Lead titanium zirconium oxide,,235-727-4,12626-81-2
甲基磺酸铅,Lead(II) bis(methanesulfonate),BLEIMETHANSULFONAT; LEAD (II) METHANESULFONATE; LEAD METHANE SULPHONATE; LEAD SALT FP,401-750-5,17570-76-2
中链氯化石蜡（MCCP）,Medium-chain chlorinated paraffins (MCCP),UVCB substances consisting of more than or equal to 80% linear chloroalkanes with carbon chain lengths within the range from C14 to C17,799-971-8,
三聚氰胺,Melamine,,203-615-4,108-78-1
甲氧基乙酸,Methoxyacetic acid,,210-894-6,625-45-6
环氧丙烷,Methyloxirane (Propylene oxide),,200-879-2,75-56-9
"4,4'-(对二甲氨基)二苯基甲烷","N,N,N',N'-tetramethyl-4,4'-methylenedianiline (Michler’s base)",,202-959-2,101-61-1
"N,N-二甲基乙酰胺(DMAC)","N,N-dimethylacetamide",,204-826-4,127-19-5
"N,N-二甲基甲酰胺","N,N-dimethylformamide",,200-679-5,68-12-2
N-(羟甲基)丙烯酰胺,N-(hydroxymethyl)acrylamide,,213-103-2,924-42-5
正己烷,n-hexane,,203-777-6,110-54-3
N-甲基乙酰胺,N-methylacetamide,,201-182-6,79-16-3
邻苯二甲酸正戊基异戊基酯,n-pentyl-isopentyl phthalate,,933-378-9,776297-69-9
硝基苯,Nitrobenzene,,202-716-0,98-95-3
"O,O,O-三苯基硫代磷酸酯","O,O,O-triphenyl phosphorothioate",,209-909-9,597-82-0
邻氨基偶氮甲苯,o-aminoazotoluene,,202-591-2,97-56-3
邻甲苯胺,o-toluidine,,202-429-0,95-53-4
八甲基环四硅氧烷（D4）,Octamethylcyclotetrasiloxane,,209-136-7,556-67-2
八甲三硅氧烷,Octamethyltrisiloxane,,203-497-4,107-51-7
2-苯基丙烯与苯酚的低聚和烷基化反应产物,Oligomerisation and alkylation reaction products of 2-phenylpropene and phenol,,700-960-7,
四氧化三铅,Orange lead (lead tetroxide),,215-235-6,1314-41-6
原硼酸钠盐,"orthoboric acid, sodium salt",,799-969-7,
"对-(1,1-二甲基丙基)酚（对叔戊基苯酚）","p-(1,1-dimethylpropyl)phenol",,201-280-9,80-46-6
全氟十三酸,Pentacosafluorotridecanoic acid,,276-745-2,72629-94-8
全氟辛酸（PFOA）,Pentadecafluorooctanoic acid (PFOA),,206-397-9,335-67-1
氧化铅与硫酸铅的复合物,Pentalead tetraoxide sulphate,,235-067-7,12065-90-6
八羟基铬酸五锌（锌铬黄）,Pentazinc chromate octahydroxide,,256-418-0,49663-84-5
全氟三丙胺,Perfluamine,,206-420-2,338-83-0
全氟丁烷磺酸（PFBS）及其盐类,Perfluorobutane sulfonic acid (PFBS) and its salts,,799-977-0,
菲,Phenanthrene,,201-581-5,85-01-8
苯酚与富含C12支链烷基链的低聚产物的烷基化产物（主要为对位），包含任一单个异构体和/或组合（PDDP）,"Phenol, alkylation products (mainly in para position) with C12-rich branched alkyl chains from oligomerisation, covering any individual isomers and/ or combinations thereof (PDDP)",,799-972-3,
酚酞,Phenolphthalein,,201-004-7,77-09-8
高温煤沥青,"Pitch, coal tar, high-temp.",The residue from the distillation of high temperature coal tar. A black solid with an approximate softening point from 30°C to 180°C (86°F to 356°F). Composed primarily of a complex mixture of three or more membered condensed ring aromatic hydrocarbons.,266-028-2,65996-93-2
铬酸钾,Potassium chromate,,232-140-5,7789-00-6
重铬酸钾,Potassium dichromate,,231-906-6,7778-50-9
氢氧化铬酸锌钾,Potassium hydroxyoctaoxodizincatedichromate,,234-329-8,11103-86-9
芘,Pyrene,,204-927-3,129-00-0
烧绿石型锑铅黄（C.I.颜料黄41）,"Pyrochlore, antimony lead yellow","This substance is identified in the Colour Index by Colour Index Constitution Number, C.I. 77588.",232-382-1,8012-00-8
"2,2,3,3,5,5,6,6-八氟-4-(1,1,1,2,3,3,3-七氟丙烷-2-基)吗啉和2,2,3,3,5,5,6,6-八氟烷-4-(七氟丙基)吗啉的反应产物","reaction mass of 2,2,3,3,5,5,6,6-octafluoro-4-(1,1,1,2,3,3,3-heptafluoropropan-2-yl)morpholine and 2,2,3,3,5,5,6,6-octafluoro-4-(heptafluoropropyl)morpholine",,473-390-7,
2-乙基己基DOTE与2-乙基己基MOTE的反应混合物,"Reaction mass of 2-ethylhexyl 10-ethyl-4,4-dioctyl-7-oxo-8-oxa-3,5-dithia-4-stannatetradecanoate and 2-ethylhexyl 10-ethyl-4-[[2-[(2-ethylhexyl)oxy]-2-oxoethyl]thio]-4-octyl-7-oxo-8-oxa-3,5-dithia-4-stannatetradecanoate (reaction mass of DOTE and MOTE)",,915-270-3,64685-81-0
三苯基硫代磷酸酯和叔丁基苯基衍生物的反应产物,reaction mass of: triphenylthiophosphate and tertiary butylated phenyl derivatives,,421-820-9,192268-65-8
"S-(三环(5.2.1.02,6)deca-3-en-8(或9)-基O-(异丙基或异丁基或2-乙基己基)O-(异丙基或异丁基或2-乙基己基)二硫代磷酸酯","S-(tricyclo(5.2.1.0'2,6)deca-3-en-8(or 9)-yl O-(isopropyl or isobutyl or 2-ethylhexyl) O-(isopropyl or isobutyl or 2-ethylhexyl) phosphorodithioate",,401-850-9,255881-94-8
掺铅硅酸钡（1:1）,"Silicic acid (H2Si2O5), barium salt (1:1), lead-doped",,272-271-5,68784-75-8
硅酸铅,"Silicic acid, lead salt",,234-363-3,11120-22-2
铬酸钠,Sodium chromate,,231-889-5,7775-11-3
二水(合)重铬酸钠,"Sodium dichromate
Sodium dichromate",,"234-190-3
234-190-3","10588-01-9
7789-12-0"
过硼酸钠,Sodium peroxometaborate,,231-556-4,7632-04-4
铬酸锶,Strontium chromate,,232-142-6,7789-06-2
二碱式亚硫酸铅,"Sulfurous acid, lead salt, dibasic",,263-467-1,62229-08-7
氢化三联苯,"Terphenyl, hydrogenated",,262-967-7,61788-32-7
活性棕51,"tetra(sodium/potassium) 7-[(E)-{2-acetamido-4-[(E)-(4-{[4-chloro-6-({2-[(4-fluoro-6-{[4-(vinylsulfonyl)phenyl]amino}-1,3,5-triazine-2-yl)amino]propyl}amino)-1,3,5-triazine-2-yl]amino}-5-sulfonato-1-naphthyl)diazenyl]-5-methoxyphenyl}diazenyl]-1,3,6-naphthalenetrisulfonate (Reactive Brown 51)",substance having a complex composition with <80% of the above constituents and other reaction side products,466-490-7,
水合硼酸钠,"Tetraboron disodium heptaoxide, hydrate",,235-541-3,12267-73-1
四乙基铅,Tetraethyllead,,201-075-4,78-00-2
三盐基硫酸铅,Tetralead trioxide sulphate,,235-380-9,12202-17-4
三氯乙烯,Trichloroethylene,,201-167-4,79-01-6
全氟十二烷酸,Tricosafluorododecanoic acid,,206-203-2,307-55-1
三乙基砷酸酯,Triethyl arsenate,TRIETHYLARSENAT; TRIETHYLARSENATE; TRIETHYLARSENATE (TEASAT),427-700-2,15606-95-8
碱式碳酸铅,Trilead bis(carbonate) dihydroxide,,215-290-6,1319-46-6
砷酸铅,Trilead diarsenate,,222-979-5,3687-31-8
二碱式亚磷酸铅,Trilead dioxide phosphonate,,235-252-2,12141-20-7
磷酸三苯酯,Triphenyl phosphate,,204-112-2,115-86-6
磷酸三(2-氯乙基)酯,Tris(2-chloroethyl) phosphate,,204-118-5,115-96-8
三(2-甲氧基乙氧基)乙烯基硅烷,tris(2-methoxyethoxy)vinylsilane,,213-934-0,1067-53-4
三(4-壬基苯基，支链和直链)亚磷酸酯（TNPP）,"Tris(4-nonylphenyl, branched and linear) phosphite (TNPP)",,799-976-5,
磷酸三（二甲苯）酯,Trixylyl phosphate,,246-677-8,25155-23-1
溶剂蓝4,"α,α-bis[4-(dimethylamino)phenyl]-4-(phenylamino)naphthalene-1-methanol",,229-851-8,6786-83-0
