条目号,中文名称,英文名称,CAS号,EC号,物质描述,限制条件标题,法规依据,限制条件链接,中文名称来源,中文名称状态,ECHA记录号
01,多氯三联苯,Polychlorinated terphenyls (PCTs),61788-33-8,262-968-2,"氯化三联苯类物质；ECHA组成员记录为 Terphenyl, chlorinated",共享核验表条目,REACH Annex XVII,https://echa.europa.eu/substances-restricted-under-reach,共享核验表 + ECHA官方限制清单,现行,100.239.208
02,氯乙烯,Chloroethene / Vinyl chloride,75-01-4,200-831-0,氯代烯烃单体，主要用于制造聚氯乙烯,共享核验表条目,REACH Annex XVII,https://echa.europa.eu/substances-restricted-under-reach,共享核验表 + ECHA官方限制清单,现行,100.000.756
03,符合特定CLP危险类别或类别标准的液态物质或混合物,Liquid substances or mixtures fulfilling specified CLP hazard classes/categories,法规组级：无单一CAS/EC,法规组级：无单一CAS/EC,按CLP危险分类定义的液态物质/混合物组，不对应单一化学物质,共享核验表条目,REACH Annex XVII,https://echa.europa.eu/substances-restricted-under-reach,共享核验表 + ECHA官方限制清单,现行,100.239.191
04,"三(2,3-二溴丙基)磷酸酯","Tris(2,3-dibromopropyl) phosphate",126-72-7,204-799-9,含溴有机磷化合物，曾作为阻燃剂使用,共享核验表条目,REACH Annex XVII,https://echa.europa.eu/substances-restricted-under-reach,共享核验表 + ECHA官方限制清单,现行,100.004.364
05,苯,Benzene,71-43-2,200-753-7,芳香烃；挥发性有机化合物,共享核验表条目,REACH Annex XVII,https://echa.europa.eu/substances-restricted-under-reach,共享核验表 + ECHA官方限制清单,现行,100.000.685
06,石棉纤维,Asbestos fibres,法规组级：无单一CAS/EC,法规组级：无单一CAS/EC,包括青石棉、铁石棉、温石棉等多种石棉矿物纤维,共享核验表条目,REACH Annex XVII,https://echa.europa.eu/substances-restricted-under-reach,共享核验表 + ECHA官方限制清单,现行,100.239.167
07,三(氮丙啶基)氧化膦,Tris(aziridinyl)phosphinoxide,545-55-1,208-892-5,含氮丙啶基的有机磷化合物,共享核验表条目,REACH Annex XVII,https://echa.europa.eu/substances-restricted-under-reach,共享核验表 + ECHA官方限制清单,现行,100.008.084
08,多溴联苯,Polybromobiphenyls (PBB),59536-65-1,252-796-4,多溴代联苯类阻燃物质,共享核验表条目,REACH Annex XVII,https://echa.europa.eu/substances-restricted-under-reach,共享核验表 + ECHA官方限制清单,现行,100.239.207
09,皂树皮粉及含皂苷等特定物质,Soap bark powder and specified substances,法规组级：无单一CAS/EC,法规组级：无单一CAS/EC,涉及皂树皮粉、皂苷及含相关物质的特定制品,共享核验表条目,REACH Annex XVII,https://echa.europa.eu/substances-restricted-under-reach,共享核验表 + ECHA官方限制清单,现行,100.239.182
10,硫化铵、硫氢化铵及多硫化铵,"Ammonium sulphide, ammonium hydrogen sulphide and ammonium polysulphide",法规组级：无单一CAS/EC,法规组级：无单一CAS/EC,无机铵硫化物组,共享核验表条目,REACH Annex XVII,https://echa.europa.eu/substances-restricted-under-reach,共享核验表 + ECHA官方限制清单,现行,100.239.178
11,溴乙酸挥发性酯类,Volatile esters of bromoacetic acids,法规组级：无单一CAS/EC,法规组级：无单一CAS/EC,溴乙酸类的挥发性酯组成的物质组,共享核验表条目,REACH Annex XVII,https://echa.europa.eu/substances-restricted-under-reach,共享核验表 + ECHA官方限制清单,现行,100.239.221
12,2-萘胺及其盐,2-Naphthylamine and its salts,91-59-8,202-080-4,芳香胺及其盐类,共享核验表条目,REACH Annex XVII,https://echa.europa.eu/substances-restricted-under-reach,共享核验表 + ECHA官方限制清单,现行,100.239.164
13,联苯胺及其盐,Benzidine and its salts,92-87-5,202-199-1,联苯型芳香二胺及其盐,共享核验表条目,REACH Annex XVII,https://echa.europa.eu/substances-restricted-under-reach,共享核验表 + ECHA官方限制清单,现行,100.239.170
14,4-硝基联苯,4-Nitrobiphenyl,92-93-3,202-204-7,硝基取代联苯化合物,共享核验表条目,REACH Annex XVII,https://echa.europa.eu/substances-restricted-under-reach,共享核验表 + ECHA官方限制清单,现行,100.002.005
15,4-氨基联苯及其盐,4-Aminobiphenyl and its salts,92-67-1,202-177-1,联苯型芳香胺及其盐,共享核验表条目,REACH Annex XVII,https://echa.europa.eu/substances-restricted-under-reach,共享核验表 + ECHA官方限制清单,现行,100.239.165
16,铅的碳酸盐,Lead carbonates,法规组级：无单一CAS/EC,法规组级：无单一CAS/EC,包括碳酸铅、碱式碳酸铅等铅碳酸盐,共享核验表条目,REACH Annex XVII,https://echa.europa.eu/substances-restricted-under-reach,共享核验表 + ECHA官方限制清单,现行,100.239.188
17,铅的硫酸盐,Lead sulphates,法规组级：无单一CAS/EC,法规组级：无单一CAS/EC,包括硫酸铅等含铅硫酸盐,共享核验表条目,REACH Annex XVII,https://echa.europa.eu/substances-restricted-under-reach,共享核验表 + ECHA官方限制清单,现行,100.239.190
18,汞化合物,Mercury compounds,法规组级：无单一CAS/EC,法规组级：无单一CAS/EC,各类无机和有机汞化合物的法规组级条目,共享核验表条目,REACH Annex XVII,https://echa.europa.eu/substances-restricted-under-reach,共享核验表 + ECHA官方限制清单,现行,100.239.192
18a,汞,Mercury,7439-97-6,231-106-7,金属汞单质,共享核验表条目,REACH Annex XVII,https://echa.europa.eu/substances-restricted-under-reach,共享核验表 + ECHA官方限制清单,现行,100.028.278
19,砷化合物,Arsenic compounds,法规组级：无单一CAS/EC,法规组级：无单一CAS/EC,各类无机及有机砷化合物,共享核验表条目,REACH Annex XVII,https://echa.europa.eu/substances-restricted-under-reach,共享核验表 + ECHA官方限制清单,现行,100.239.166
20,有机锡化合物,Organostannic compounds,法规组级：无单一CAS/EC,法规组级：无单一CAS/EC,包括三丁基锡、三苯基锡、二丁基锡、二辛基锡等有机锡物质,共享核验表条目,REACH Annex XVII,https://echa.europa.eu/substances-restricted-under-reach,共享核验表 + ECHA官方限制清单,现行,100.239.201
21,二丁基锡氢硼酸盐,Di-μ-oxo-di-n-butylstanniohydroxyborane / Dibutyltin hydrogen borate (DBB),75113-37-0,401-040-5,含锡、硼的有机金属化合物 DBB,共享核验表条目,REACH Annex XVII,https://echa.europa.eu/substances-restricted-under-reach,共享核验表 + ECHA官方限制清单,现行,100.100.300
22,已删除,Deleted,已删除,已删除,Annex XVII历史条目，当前已删除，不作为现行限制物质命中。,已删除,REACH Annex XVII,https://echa.europa.eu/substances-restricted-under-reach,共享核验表 + ECHA官方限制清单,已删除,SHARED-22
23,镉及其化合物,Cadmium and its compounds,7440-43-9（镉）,231-152-8（镉）,覆盖金属镉及多种镉化合物，属于组级限制,共享核验表条目,REACH Annex XVII,https://echa.europa.eu/substances-restricted-under-reach,共享核验表 + ECHA官方限制清单,现行,100.239.172
24,单甲基四氯二苯基甲烷,Monomethyl-tetrachlorodiphenyl methane / Ugilec 141,76253-60-6,—,氯化二苯基甲烷类工业化学品，商品名 Ugilec 141,共享核验表条目,REACH Annex XVII,https://echa.europa.eu/substances-restricted-under-reach,共享核验表 + ECHA官方限制清单,现行,100.071.256
25,单甲基二氯二苯基甲烷,Monomethyl-dichlorodiphenyl methane / Ugilec 121 or Ugilec 21,81161-70-8,—,氯化二苯基甲烷类工业化学品,共享核验表条目,REACH Annex XVII,https://echa.europa.eu/substances-restricted-under-reach,共享核验表 + ECHA官方限制清单,现行,100.239.195
26,单甲基二溴二苯基甲烷/溴苄基溴甲苯异构体混合物,"Monomethyl-dibromo-diphenyl methane, bromobenzylbromotoluene, mixture of isomers (DBBT)",99688-47-8,402-210-1,溴化芳香族异构体混合物 DBBT,共享核验表条目,REACH Annex XVII,https://echa.europa.eu/substances-restricted-under-reach,共享核验表 + ECHA官方限制清单,现行,100.100.405
27,镍及其化合物,Nickel and its compounds,7440-02-0（镍）,231-111-4（镍）,覆盖金属镍及多种镍化合物，尤其涉及与皮肤长期接触的制品,共享核验表条目,REACH Annex XVII,https://echa.europa.eu/substances-restricted-under-reach,共享核验表 + ECHA官方限制清单,现行,100.239.198
28,致癌物质，类别1A或1B,Carcinogens category 1A or 1B,法规组级：无单一CAS/EC,法规组级：无单一CAS/EC,CLP分类为致癌类别1A/1B并列于相关附录的物质组,共享核验表条目,REACH Annex XVII,https://echa.europa.eu/substances-restricted-under-reach,共享核验表 + ECHA官方限制清单,现行,100.239.216
29,生殖细胞致突变物质，类别1A或1B,Germ cell mutagens category 1A or 1B,法规组级：无单一CAS/EC,法规组级：无单一CAS/EC,CLP分类为生殖细胞致突变类别1A/1B的物质组,共享核验表条目,REACH Annex XVII,https://echa.europa.eu/substances-restricted-under-reach,共享核验表 + ECHA官方限制清单,现行,100.239.217
30,生殖毒性物质，类别1A或1B,Reproductive toxicants category 1A or 1B,法规组级：无单一CAS/EC,法规组级：无单一CAS/EC,CLP分类为生殖毒性类别1A/1B的物质组,共享核验表条目,REACH Annex XVII,https://echa.europa.eu/substances-restricted-under-reach,共享核验表 + ECHA官方限制清单,现行,100.239.218
31,杂酚油及相关物质,Creosote and related substances,法规组级：无单一CAS/EC,法规组级：无单一CAS/EC,煤焦油蒸馏得到的杂酚油及相关复杂烃类物质,共享核验表条目,REACH Annex XVII,https://echa.europa.eu/substances-restricted-under-reach,共享核验表 + ECHA官方限制清单,现行,100.240.872
32,氯仿,Chloroform,67-66-3,200-663-8,三氯甲烷，卤代烃溶剂,共享核验表条目,REACH Annex XVII,https://echa.europa.eu/substances-restricted-under-reach,共享核验表 + ECHA官方限制清单,现行,100.000.603
33,已删除,Deleted,已删除,已删除,Annex XVII历史条目，当前已删除，不作为现行限制物质命中。,已删除,REACH Annex XVII,https://echa.europa.eu/substances-restricted-under-reach,共享核验表 + ECHA官方限制清单,已删除,SHARED-33
34,"1,1,2-三氯乙烷","1,1,2-Trichloroethane",79-00-5,201-166-9,氯代脂肪烃,共享核验表条目,REACH Annex XVII,https://echa.europa.eu/substances-restricted-under-reach,共享核验表 + ECHA官方限制清单,现行,100.001.061
35,"1,1,2,2-四氯乙烷","1,1,2,2-Tetrachloroethane",79-34-5,201-197-8,高氯代乙烷,共享核验表条目,REACH Annex XVII,https://echa.europa.eu/substances-restricted-under-reach,共享核验表 + ECHA官方限制清单,现行,100.001.089
36,"1,1,1,2-四氯乙烷","1,1,1,2-Tetrachloroethane",630-20-6,211-135-1,四氯代乙烷异构体,共享核验表条目,REACH Annex XVII,https://echa.europa.eu/substances-restricted-under-reach,共享核验表 + ECHA官方限制清单,现行,100.010.124
37,五氯乙烷,Pentachloroethane,76-01-7,200-925-1,高氯代乙烷,共享核验表条目,REACH Annex XVII,https://echa.europa.eu/substances-restricted-under-reach,共享核验表 + ECHA官方限制清单,现行,100.000.842
38,"1,1-二氯乙烯","1,1-Dichloroethylene",75-35-4,200-864-0,氯代烯烃,共享核验表条目,REACH Annex XVII,https://echa.europa.eu/substances-restricted-under-reach,共享核验表 + ECHA官方限制清单,现行,100.000.786
39,已删除,Deleted,已删除,已删除,Annex XVII历史条目，当前已删除，不作为现行限制物质命中。,已删除,REACH Annex XVII,https://echa.europa.eu/substances-restricted-under-reach,共享核验表 + ECHA官方限制清单,已删除,SHARED-39
40,符合特定易燃危险分类标准的物质,Substances classified as flammable gases/liquids/solids etc.,法规组级：无单一CAS/EC,法规组级：无单一CAS/EC,根据CLP易燃性等危险类别定义的法规组级条目,共享核验表条目,REACH Annex XVII,https://echa.europa.eu/substances-restricted-under-reach,共享核验表 + ECHA官方限制清单,现行,100.244.692
41,六氯乙烷,Hexachloroethane,67-72-1,200-666-4,全氯代乙烷,共享核验表条目,REACH Annex XVII,https://echa.europa.eu/substances-restricted-under-reach,共享核验表 + ECHA官方限制清单,现行,100.000.606
42,已删除,Deleted,已删除,已删除,Annex XVII历史条目，当前已删除，不作为现行限制物质命中。,已删除,REACH Annex XVII,https://echa.europa.eu/substances-restricted-under-reach,共享核验表 + ECHA官方限制清单,已删除,SHARED-42
43,偶氮染料和偶氮着色剂,Azocolourants and Azodyes,法规组级：无单一CAS/EC,法规组级：无单一CAS/EC,可通过还原裂解释放特定芳香胺的偶氮染料/着色剂,共享核验表条目,REACH Annex XVII,https://echa.europa.eu/substances-restricted-under-reach,共享核验表 + ECHA官方限制清单,现行,100.239.168
44,已删除,Deleted,已删除,已删除,Annex XVII历史条目，当前已删除，不作为现行限制物质命中。,已删除,REACH Annex XVII,https://echa.europa.eu/substances-restricted-under-reach,共享核验表 + ECHA官方限制清单,已删除,SHARED-44
45,二苯醚的八溴衍生物,"Diphenylether, octabromo derivative",32536-52-0,251-087-9,商业八溴二苯醚相关阻燃物质,共享核验表条目,REACH Annex XVII,https://echa.europa.eu/substances-restricted-under-reach,共享核验表 + ECHA官方限制清单,现行,100.239.177
46,壬基酚及壬基酚聚氧乙烯醚,Nonylphenol and Nonylphenol ethoxylates,法规组级：无单一CAS/EC,法规组级：无单一CAS/EC,NP及NPE类表面活性剂/原料，包含多个具体CAS物质,共享核验表条目,REACH Annex XVII,https://echa.europa.eu/substances-restricted-under-reach,共享核验表 + ECHA官方限制清单,现行,100.239.180
46a,壬基酚乙氧基化物,Nonylphenol ethoxylates,法规组级：无单一CAS/EC,法规组级：无单一CAS/EC,壬基酚乙氧基化物物质组。,Regulation,,https://eur-lex.europa.eu/legal-content/EN/TXT/?uri=uriserv:OJ.L_.2016.009.01.0001.01.ENG&toc=OJ:L:2016:009:TOC,共享核验表 + ECHA官方限制清单交叉核对,现行,100.239.200
47,六价铬化合物,Chromium VI compounds,法规组级：无单一CAS/EC,法规组级：无单一CAS/EC,在水泥及含水泥混合物等用途中特别限制的Cr(VI)化合物,共享核验表条目,REACH Annex XVII,https://echa.europa.eu/substances-restricted-under-reach,共享核验表 + ECHA官方限制清单,现行,100.239.176
48,甲苯,Toluene,108-88-3,203-625-9,芳香烃溶剂,共享核验表条目,REACH Annex XVII,https://echa.europa.eu/substances-restricted-under-reach,共享核验表 + ECHA官方限制清单,现行,100.003.297
49,三氯苯,Trichlorobenzene,120-82-1等,—,三氯取代苯类；涉及相关异构体/物质,共享核验表条目,REACH Annex XVII,https://echa.europa.eu/substances-restricted-under-reach,共享核验表 + ECHA官方限制清单,现行,100.004.026
50,多环芳烃,Polycyclic-aromatic hydrocarbons (PAHs),法规组级：无单一CAS/EC,法规组级：无单一CAS/EC,包括苯并[a]芘等8种重点PAH，涉及增塑油、轮胎及消费者制品,共享核验表条目,REACH Annex XVII,https://echa.europa.eu/substances-restricted-under-reach,共享核验表 + ECHA官方限制清单,现行,100.239.209
50a,多环芳烃——黏土靶,Polycyclic-aromatic hydrocarbons (PAHs) in clay targets,法规组级：无单一CAS/EC,法规组级：无单一CAS/EC,针对射击用黏土靶中特定PAH含量的限制,共享核验表条目,REACH Annex XVII,https://echa.europa.eu/substances-restricted-under-reach,共享核验表 + ECHA官方限制清单,现行,100.342.129
51,DEHP、DBP、BBP、DIBP,"DEHP, DBP, BBP and DIBP",法规组级：4个CAS,法规组级：4个EC,四种邻苯二甲酸酯的组级限制,共享核验表条目,REACH Annex XVII,https://echa.europa.eu/substances-restricted-under-reach,共享核验表 + ECHA官方限制清单,现行,100.251.384
52,DINP、DIDP、DNOP,"DINP, DIDP and DNOP",法规组级：多个CAS,法规组级：多个EC,三类高分子量邻苯二甲酸酯，主要涉及玩具及儿童护理用品,共享核验表条目,REACH Annex XVII,https://echa.europa.eu/substances-restricted-under-reach,共享核验表 + ECHA官方限制清单,现行,100.239.220
53,已删除,Deleted,已删除,已删除,Annex XVII历史条目，当前已删除，不作为现行限制物质命中。,已删除,REACH Annex XVII,https://echa.europa.eu/substances-restricted-under-reach,共享核验表 + ECHA官方限制清单,已删除,SHARED-53
54,2-(2-甲氧基乙氧基)乙醇,2-(2-Methoxyethoxy)ethanol (DEGME),111-77-3,203-906-6,二乙二醇单甲醚，乙二醇醚类溶剂,共享核验表条目,REACH Annex XVII,https://echa.europa.eu/substances-restricted-under-reach,共享核验表 + ECHA官方限制清单,现行,100.003.551
55,2-(2-丁氧基乙氧基)乙醇,2-(2-Butoxyethoxy)ethanol (DEGBE),112-34-5,203-961-6,二乙二醇单丁醚，常用高沸点溶剂/成膜助剂,共享核验表条目,REACH Annex XVII,https://echa.europa.eu/substances-restricted-under-reach,共享核验表 + ECHA官方限制清单,现行,100.003.601
56,二苯基甲烷二异氰酸酯,Methylenediphenyl diisocyanate (MDI),法规组级：多个异构体CAS,法规组级：多个EC,芳香族二异氰酸酯，存在不同异构体及混合物,共享核验表条目,REACH Annex XVII,https://echa.europa.eu/substances-restricted-under-reach,共享核验表 + ECHA官方限制清单,现行,100.239.193
57,环己烷,Cyclohexane,110-82-7,203-806-2,环状脂肪烃溶剂,共享核验表条目,REACH Annex XVII,https://echa.europa.eu/substances-restricted-under-reach,共享核验表 + ECHA官方限制清单,现行,100.003.461
58,硝酸铵,Ammonium nitrate (AN),6484-52-2,229-347-8,无机硝酸铵盐,共享核验表条目,REACH Annex XVII,https://echa.europa.eu/substances-restricted-under-reach,共享核验表 + ECHA官方限制清单,现行,100.026.680
59,二氯甲烷,Dichloromethane,75-09-2,200-838-9,二氯甲烷/亚甲基氯，卤代烃溶剂,共享核验表条目,REACH Annex XVII,https://echa.europa.eu/substances-restricted-under-reach,共享核验表 + ECHA官方限制清单,现行,100.000.763
60,丙烯酰胺,Acrylamide,79-06-1,201-173-7,丙烯酰胺单体,共享核验表条目,REACH Annex XVII,https://echa.europa.eu/substances-restricted-under-reach,共享核验表 + ECHA官方限制清单,现行,100.001.067
61,富马酸二甲酯,Dimethyl fumarate (DMF),624-49-7,210-849-0,富马酸二甲酯；注意不是二甲基甲酰胺DMF/DMFa,共享核验表条目,REACH Annex XVII,https://echa.europa.eu/substances-restricted-under-reach,共享核验表 + ECHA官方限制清单,现行,100.009.863
62,苯基汞化合物,Phenylmercury compounds,法规组级：多个CAS,法规组级：多个EC,包括醋酸苯汞、丙酸苯汞等有机汞化合物,共享核验表条目,REACH Annex XVII,https://echa.europa.eu/substances-restricted-under-reach,共享核验表 + ECHA官方限制清单,现行,100.239.181
63,铅及其化合物,Lead and its compounds,7439-92-1（铅）,231-100-4（铅）,金属铅及铅化合物组级限制，涉及珠宝、消费者制品及PVC等,共享核验表条目,REACH Annex XVII,https://echa.europa.eu/substances-restricted-under-reach,共享核验表 + ECHA官方限制清单,现行,100.239.187
64,"1,4-二氯苯","1,4-Dichlorobenzene",106-46-7,203-400-5,对二氯苯,共享核验表条目,REACH Annex XVII,https://echa.europa.eu/substances-restricted-under-reach,共享核验表 + ECHA官方限制清单,现行,100.003.092
65,无机铵盐,Inorganic ammonium salts,法规组级：无单一CAS/EC,法规组级：无单一CAS/EC,无机铵盐类，限制重点涉及纤维素绝热材料,共享核验表条目,REACH Annex XVII,https://echa.europa.eu/substances-restricted-under-reach,共享核验表 + ECHA官方限制清单,现行,100.244.130
66,双酚A,"Bisphenol A / 4,4'-isopropylidenediphenol",80-05-7,201-245-8,双酚A，主要限制涉及热敏纸等用途,共享核验表条目,REACH Annex XVII,https://echa.europa.eu/substances-restricted-under-reach,共享核验表 + ECHA官方限制清单,现行,100.001.133
67,已删除,Deleted,已删除,已删除,Annex XVII历史条目，当前已删除，不作为现行限制物质命中。,已删除,REACH Annex XVII,https://echa.europa.eu/substances-restricted-under-reach,共享核验表 + ECHA官方限制清单,已删除,SHARED-67
68,C9–C14全氟羧酸、其盐及相关物质,"C9-C14 perfluorocarboxylic acids (C9-C14 PFCAs), their salts and C9-C14 PFCA-related substances",法规组级：多个CAS,法规组级：多个EC,碳链长度9–14的全氟羧酸、盐及可降解/转化形成这些PFCAs的相关物质,共享核验表条目,REACH Annex XVII,https://echa.europa.eu/substances-restricted-under-reach,共享核验表 + ECHA官方限制清单,现行,100.256.331
69,甲醇,Methanol,67-56-1,200-659-6,低级醇类溶剂；相关限制主要针对挡风玻璃清洗液及除霜液,共享核验表条目,REACH Annex XVII,https://echa.europa.eu/substances-restricted-under-reach,共享核验表 + ECHA官方限制清单,现行,100.000.599
70,D4、D5、D6,"Octamethylcyclotetrasiloxane (D4), Decamethylcyclopentasiloxane (D5), Dodecamethylcyclohexasiloxane (D6)",法规组级：3个CAS,法规组级：3个EC,三种挥发性环状甲基硅氧烷,共享核验表条目,REACH Annex XVII,https://echa.europa.eu/substances-restricted-under-reach,共享核验表 + ECHA官方限制清单,现行,100.256.323
71,N-甲基-2-吡咯烷酮,1-Methyl-2-pyrrolidone (NMP),872-50-4,212-828-1,极性非质子溶剂NMP,共享核验表条目,REACH Annex XVII,https://echa.europa.eu/substances-restricted-under-reach,共享核验表 + ECHA官方限制清单,现行,100.011.662
72,服装、相关配件、纺织品和鞋类中的特定CMR物质,"CMR substances in clothing, related accessories, textiles and footwear",法规组级：无单一CAS/EC,法规组级：无单一CAS/EC,Appendix 12规定的致癌、致突变或生殖毒性1A/1B物质组 citeturn0search8,共享核验表条目,REACH Annex XVII,https://echa.europa.eu/substances-restricted-under-reach,共享核验表 + ECHA官方限制清单,现行,100.267.621
73,特定全氟辛基硅烷三醇及其衍生物,"(3,3,4,4,5,5,6,6,7,7,8,8,8-Tridecafluorooctyl)silanetriol and its mono-, di- or tri-O-(alkyl) derivatives",法规组级：无单一CAS/EC,法规组级：无单一CAS/EC,含全氟烷基链的硅烷三醇及规定衍生物,共享核验表条目,REACH Annex XVII,https://echa.europa.eu/substances-restricted-under-reach,共享核验表 + ECHA官方限制清单,现行,100.251.377
74,二异氰酸酯,Diisocyanates,法规组级：无单一CAS/EC,法规组级：无单一CAS/EC,分子中含两个异氰酸酯基团的二异氰酸酯物质组；职业/工业使用涉及培训要求,共享核验表条目,REACH Annex XVII,https://echa.europa.eu/substances-restricted-under-reach,共享核验表 + ECHA官方限制清单,现行,100.251.385
75,纹身油墨和永久化妆品中的危险物质,Substances in tattoo inks or permanent make-up,法规组级：无单一CAS/EC,法规组级：无单一CAS/EC,对纹身及永久化妆混合物中的CMR、致敏、腐蚀/刺激及其他规定物质进行组级限制,共享核验表条目,REACH Annex XVII,https://echa.europa.eu/substances-restricted-under-reach,共享核验表 + ECHA官方限制清单,现行,100.251.395
76,"N,N-二甲基甲酰胺","N,N-Dimethylformamide (DMF/DMFa)",68-12-2,200-679-5,极性非质子溶剂二甲基甲酰胺,共享核验表条目,REACH Annex XVII,https://echa.europa.eu/substances-restricted-under-reach,共享核验表 + ECHA官方限制清单,现行,100.000.617
77,甲醛及甲醛释放物质,Formaldehyde and formaldehyde releasers,50-00-0（甲醛）,200-001-8（甲醛）,包括甲醛本身及可从制品中释放甲醛的物质；属于组级/释放量限制,共享核验表条目,REACH Annex XVII,https://echa.europa.eu/substances-restricted-under-reach,共享核验表 + ECHA官方限制清单,现行,100.256.326
78,合成聚合物微粒,Synthetic polymer microparticles,法规组级：无单一CAS/EC,法规组级：无单一CAS/EC,通常称“微塑料限制”；根据法规粒径、聚合物状态等定义，不对应单一聚合物CAS,共享核验表条目,REACH Annex XVII,https://echa.europa.eu/substances-restricted-under-reach,共享核验表 + ECHA官方限制清单,现行,100.256.329
79,十一氟己酸、其盐及相关物质,"Undecafluorohexanoic acid (PFHxA), its salts and PFHxA-related substances",307-24-4（PFHxA）,206-196-6（PFHxA）,PFHxA本体、盐及可降解/转化形成PFHxA的相关物质,共享核验表条目,REACH Annex XVII,https://echa.europa.eu/substances-restricted-under-reach,共享核验表 + ECHA官方限制清单,现行,100.273.069
80,"N,N-二甲基乙酰胺","N,N-Dimethylacetamide (DMAC)",127-19-5,204-826-4,极性非质子酰胺类溶剂；2025年加入Annex XVII citeturn1search2,共享核验表条目,REACH Annex XVII,https://echa.europa.eu/substances-restricted-under-reach,共享核验表 + ECHA官方限制清单,现行,100.004.389
81,N-乙基-2-吡咯烷酮,1-Ethylpyrrolidin-2-one (NEP),2687-91-4,220-250-6,N-烷基吡咯烷酮类极性溶剂；2025年加入Annex XVII citeturn1search2,共享核验表条目,REACH Annex XVII,https://echa.europa.eu/substances-restricted-under-reach,共享核验表 + ECHA官方限制清单,现行,100.018.409
82,全氟和多氟烷基物质（消防泡沫）,Per- and polyfluoroalkyl substances (PFAS),法规组级：无单一CAS/EC,法规组级：无单一CAS/EC,以法规结构定义覆盖广泛PFAS，Entry 82主要限制消防泡沫中的PFAS；2025年新增 citeturn1search6turn1search7,共享核验表条目,REACH Annex XVII,https://echa.europa.eu/substances-restricted-under-reach,共享核验表 + ECHA官方限制清单,现行,100.308.021
83,"2,4-二硝基甲苯","2,4-Dinitrotoluene (2,4-DNT)",121-14-2,204-450-0,二硝基甲苯异构体之一，属于1B类致癌物；Entry 83针对其在专业用户或普通公众使用制品中的存在设置限制；2026年新增 citeturn3search0turn3search17,共享核验表条目,REACH Annex XVII,https://echa.europa.eu/substances-restricted-under-reach,共享核验表 + ECHA官方限制清单,现行,100.004.046
