序号,源表行号,类别,中文名称,英文名称,CAS号,源表CAS号,CAS映射状态,物质级判定,法规依据,备注
1,2,镉及镉化合物,镉,,7440-43-9,7440-43-9,已建立CAS映射,不符合（CAS命中）,HSF 001（飞书 Wiki）,飞书 Wiki HSF 001 Sheet 源表第 2 行；该 Sheet 仅提供限制项目、具体相关物质和CAS号，没有提供限值、单位、适用范围、豁免或检测方法。
2,3,镉及镉化合物,氧化镉,,1306-19-0,1306-19-0,已建立CAS映射,不符合（CAS命中）,HSF 001（飞书 Wiki）,飞书 Wiki HSF 001 Sheet 源表第 3 行；该 Sheet 仅提供限制项目、具体相关物质和CAS号，没有提供限值、单位、适用范围、豁免或检测方法。
3,4,镉及镉化合物,硫化镉,,1306-23-6,1306-23-6,已建立CAS映射,不符合（CAS命中）,HSF 001（飞书 Wiki）,飞书 Wiki HSF 001 Sheet 源表第 4 行；该 Sheet 仅提供限制项目、具体相关物质和CAS号，没有提供限值、单位、适用范围、豁免或检测方法。
4,5,镉及镉化合物,氯化镉,,10108-64-2,10108-64-2,已建立CAS映射,不符合（CAS命中）,HSF 001（飞书 Wiki）,飞书 Wiki HSF 001 Sheet 源表第 5 行；该 Sheet 仅提供限制项目、具体相关物质和CAS号，没有提供限值、单位、适用范围、豁免或检测方法。
5,6,镉及镉化合物,硫酸镉,,10124-36-4,10124-36-4,已建立CAS映射,不符合（CAS命中）,HSF 001（飞书 Wiki）,飞书 Wiki HSF 001 Sheet 源表第 6 行；该 Sheet 仅提供限制项目、具体相关物质和CAS号，没有提供限值、单位、适用范围、豁免或检测方法。
6,7,镉及镉化合物,硝酸镉,,10325-94-7,10325-94-7,已建立CAS映射,不符合（CAS命中）,HSF 001（飞书 Wiki）,飞书 Wiki HSF 001 Sheet 源表第 7 行；该 Sheet 仅提供限制项目、具体相关物质和CAS号，没有提供限值、单位、适用范围、豁免或检测方法。
7,8,镉及镉化合物,碳酸镉,,513-78-0,513-78-0,已建立CAS映射,不符合（CAS命中）,HSF 001（飞书 Wiki）,飞书 Wiki HSF 001 Sheet 源表第 8 行；该 Sheet 仅提供限制项目、具体相关物质和CAS号，没有提供限值、单位、适用范围、豁免或检测方法。
8,9,镉及镉化合物,氢氧化镉,,21041-95-2,21041-95-2,已建立CAS映射,不符合（CAS命中）,HSF 001（飞书 Wiki）,飞书 Wiki HSF 001 Sheet 源表第 9 行；该 Sheet 仅提供限制项目、具体相关物质和CAS号，没有提供限值、单位、适用范围、豁免或检测方法。
9,10,铅及铅化合物,铅,,7439-92-1,7439-92-1,已建立CAS映射,不符合（CAS命中）,HSF 001（飞书 Wiki）,飞书 Wiki HSF 001 Sheet 源表第 10 行；该 Sheet 仅提供限制项目、具体相关物质和CAS号，没有提供限值、单位、适用范围、豁免或检测方法。
10,11,铅及铅化合物,一氧化铅,,1317-36-8,1317-36-8,已建立CAS映射,不符合（CAS命中）,HSF 001（飞书 Wiki）,飞书 Wiki HSF 001 Sheet 源表第 11 行；该 Sheet 仅提供限制项目、具体相关物质和CAS号，没有提供限值、单位、适用范围、豁免或检测方法。
11,12,铅及铅化合物,四氧化三铅,,1314-41-6,1314-41-6,已建立CAS映射,不符合（CAS命中）,HSF 001（飞书 Wiki）,飞书 Wiki HSF 001 Sheet 源表第 12 行；该 Sheet 仅提供限制项目、具体相关物质和CAS号，没有提供限值、单位、适用范围、豁免或检测方法。
12,13,铅及铅化合物,二氧化铅,,1309-60-0,1309-60-0,已建立CAS映射,不符合（CAS命中）,HSF 001（飞书 Wiki）,飞书 Wiki HSF 001 Sheet 源表第 13 行；该 Sheet 仅提供限制项目、具体相关物质和CAS号，没有提供限值、单位、适用范围、豁免或检测方法。
13,14,铅及铅化合物,硫酸铅,,7446-14-2,7446-14-2,已建立CAS映射,不符合（CAS命中）,HSF 001（飞书 Wiki）,飞书 Wiki HSF 001 Sheet 源表第 14 行；该 Sheet 仅提供限制项目、具体相关物质和CAS号，没有提供限值、单位、适用范围、豁免或检测方法。
14,15,铅及铅化合物,碳酸铅,,598-63-0,598-63-0,已建立CAS映射,不符合（CAS命中）,HSF 001（飞书 Wiki）,飞书 Wiki HSF 001 Sheet 源表第 15 行；该 Sheet 仅提供限制项目、具体相关物质和CAS号，没有提供限值、单位、适用范围、豁免或检测方法。
15,16,铅及铅化合物,碱式碳酸铅,,1319-46-6,1319-46-6,已建立CAS映射,不符合（CAS命中）,HSF 001（飞书 Wiki）,飞书 Wiki HSF 001 Sheet 源表第 16 行；该 Sheet 仅提供限制项目、具体相关物质和CAS号，没有提供限值、单位、适用范围、豁免或检测方法。
16,17,铅及铅化合物,铬酸铅,,7758-97-6,7758-97-6,已建立CAS映射,不符合（CAS命中）,HSF 001（飞书 Wiki）,飞书 Wiki HSF 001 Sheet 源表第 17 行；该 Sheet 仅提供限制项目、具体相关物质和CAS号，没有提供限值、单位、适用范围、豁免或检测方法。
17,18,铅及铅化合物,硝酸铅,,10099-74-8,10099-74-8,已建立CAS映射,不符合（CAS命中）,HSF 001（飞书 Wiki）,飞书 Wiki HSF 001 Sheet 源表第 18 行；该 Sheet 仅提供限制项目、具体相关物质和CAS号，没有提供限值、单位、适用范围、豁免或检测方法。
18,19,铅及铅化合物,乙酸铅,,301-04-2,301-04-2,已建立CAS映射,不符合（CAS命中）,HSF 001（飞书 Wiki）,飞书 Wiki HSF 001 Sheet 源表第 19 行；该 Sheet 仅提供限制项目、具体相关物质和CAS号，没有提供限值、单位、适用范围、豁免或检测方法。
19,20,汞及汞化合物,汞,,7439-97-6,7439-97-6,已建立CAS映射,不符合（CAS命中）,HSF 001（飞书 Wiki）,飞书 Wiki HSF 001 Sheet 源表第 20 行；该 Sheet 仅提供限制项目、具体相关物质和CAS号，没有提供限值、单位、适用范围、豁免或检测方法。
20,21,汞及汞化合物,氯化汞,,7487-94-7,7487-94-7,已建立CAS映射,不符合（CAS命中）,HSF 001（飞书 Wiki）,飞书 Wiki HSF 001 Sheet 源表第 21 行；该 Sheet 仅提供限制项目、具体相关物质和CAS号，没有提供限值、单位、适用范围、豁免或检测方法。
21,22,汞及汞化合物,氯化亚汞,,10112-91-1,10112-91-1,已建立CAS映射,不符合（CAS命中）,HSF 001（飞书 Wiki）,飞书 Wiki HSF 001 Sheet 源表第 22 行；该 Sheet 仅提供限制项目、具体相关物质和CAS号，没有提供限值、单位、适用范围、豁免或检测方法。
22,23,汞及汞化合物,氧化汞,,21908-53-2,21908-53-2,已建立CAS映射,不符合（CAS命中）,HSF 001（飞书 Wiki）,飞书 Wiki HSF 001 Sheet 源表第 23 行；该 Sheet 仅提供限制项目、具体相关物质和CAS号，没有提供限值、单位、适用范围、豁免或检测方法。
23,24,汞及汞化合物,硫化汞,,1344-48-5,1344-48-5,已建立CAS映射,不符合（CAS命中）,HSF 001（飞书 Wiki）,飞书 Wiki HSF 001 Sheet 源表第 24 行；该 Sheet 仅提供限制项目、具体相关物质和CAS号，没有提供限值、单位、适用范围、豁免或检测方法。
24,25,汞及汞化合物,硝酸汞,,10045-94-0,10045-94-0,已建立CAS映射,不符合（CAS命中）,HSF 001（飞书 Wiki）,飞书 Wiki HSF 001 Sheet 源表第 25 行；该 Sheet 仅提供限制项目、具体相关物质和CAS号，没有提供限值、单位、适用范围、豁免或检测方法。
25,26,汞及汞化合物,乙酸汞,,1600-27-7,1600-27-7,已建立CAS映射,不符合（CAS命中）,HSF 001（飞书 Wiki）,飞书 Wiki HSF 001 Sheet 源表第 26 行；该 Sheet 仅提供限制项目、具体相关物质和CAS号，没有提供限值、单位、适用范围、豁免或检测方法。
26,27,六价铬化合物,三氧化铬,,1333-82-0,1333-82-0,已建立CAS映射,不符合（CAS命中）,HSF 001（飞书 Wiki）,飞书 Wiki HSF 001 Sheet 源表第 27 行；该 Sheet 仅提供限制项目、具体相关物质和CAS号，没有提供限值、单位、适用范围、豁免或检测方法。
27,28,六价铬化合物,重铬酸钾,,7778-50-9,7778-50-9,已建立CAS映射,不符合（CAS命中）,HSF 001（飞书 Wiki）,飞书 Wiki HSF 001 Sheet 源表第 28 行；该 Sheet 仅提供限制项目、具体相关物质和CAS号，没有提供限值、单位、适用范围、豁免或检测方法。
28,29,六价铬化合物,重铬酸钠,,10588-01-9,10588-01-9,已建立CAS映射,不符合（CAS命中）,HSF 001（飞书 Wiki）,飞书 Wiki HSF 001 Sheet 源表第 29 行；该 Sheet 仅提供限制项目、具体相关物质和CAS号，没有提供限值、单位、适用范围、豁免或检测方法。
29,30,六价铬化合物,重铬酸铵,,7789-09-5,7789/9/5,已建立CAS映射,不符合（CAS命中）,HSF 001（飞书 Wiki）,飞书 Wiki HSF 001 Sheet 源表第 30 行；该 Sheet 仅提供限制项目、具体相关物质和CAS号，没有提供限值、单位、适用范围、豁免或检测方法。
30,31,六价铬化合物,铬酸钾,,7789-00-6,7789-00-6,已建立CAS映射,不符合（CAS命中）,HSF 001（飞书 Wiki）,飞书 Wiki HSF 001 Sheet 源表第 31 行；该 Sheet 仅提供限制项目、具体相关物质和CAS号，没有提供限值、单位、适用范围、豁免或检测方法。
31,32,六价铬化合物,铬酸钠,,7775-11-3,7775/11/3,已建立CAS映射,不符合（CAS命中）,HSF 001（飞书 Wiki）,飞书 Wiki HSF 001 Sheet 源表第 32 行；该 Sheet 仅提供限制项目、具体相关物质和CAS号，没有提供限值、单位、适用范围、豁免或检测方法。
32,33,六价铬化合物,铬酸铅,,7758-97-6,7758-97-6,已建立CAS映射,不符合（CAS命中）,HSF 001（飞书 Wiki）,飞书 Wiki HSF 001 Sheet 源表第 33 行；该 Sheet 仅提供限制项目、具体相关物质和CAS号，没有提供限值、单位、适用范围、豁免或检测方法。
33,34,六价铬化合物,铬酸锶,,7789-06-2,7789/6/2,已建立CAS映射,不符合（CAS命中）,HSF 001（飞书 Wiki）,飞书 Wiki HSF 001 Sheet 源表第 34 行；该 Sheet 仅提供限制项目、具体相关物质和CAS号，没有提供限值、单位、适用范围、豁免或检测方法。
34,35,六价铬化合物,铬酸锌,,13530-65-9,13530-65-9,已建立CAS映射,不符合（CAS命中）,HSF 001（飞书 Wiki）,飞书 Wiki HSF 001 Sheet 源表第 35 行；该 Sheet 仅提供限制项目、具体相关物质和CAS号，没有提供限值、单位、适用范围、豁免或检测方法。
35,36,六价铬化合物,铬酸钙,,13765-19-0,13765-19-0,已建立CAS映射,不符合（CAS命中）,HSF 001（飞书 Wiki）,飞书 Wiki HSF 001 Sheet 源表第 36 行；该 Sheet 仅提供限制项目、具体相关物质和CAS号，没有提供限值、单位、适用范围、豁免或检测方法。
36,37,镍及镍化合物,镍,,7440-02-0,7440-02-0,已建立CAS映射,不符合（CAS命中）,HSF 001（飞书 Wiki）,飞书 Wiki HSF 001 Sheet 源表第 37 行；该 Sheet 仅提供限制项目、具体相关物质和CAS号，没有提供限值、单位、适用范围、豁免或检测方法。
37,38,镍及镍化合物,氧化镍,,1313-99-1,1313-99-1,已建立CAS映射,不符合（CAS命中）,HSF 001（飞书 Wiki）,飞书 Wiki HSF 001 Sheet 源表第 38 行；该 Sheet 仅提供限制项目、具体相关物质和CAS号，没有提供限值、单位、适用范围、豁免或检测方法。
38,39,镍及镍化合物,氢氧化镍,,12054-48-7,12054-48-7,已建立CAS映射,不符合（CAS命中）,HSF 001（飞书 Wiki）,飞书 Wiki HSF 001 Sheet 源表第 39 行；该 Sheet 仅提供限制项目、具体相关物质和CAS号，没有提供限值、单位、适用范围、豁免或检测方法。
39,40,镍及镍化合物,硫酸镍,,7786-81-4,7786-81-4,已建立CAS映射,不符合（CAS命中）,HSF 001（飞书 Wiki）,飞书 Wiki HSF 001 Sheet 源表第 40 行；该 Sheet 仅提供限制项目、具体相关物质和CAS号，没有提供限值、单位、适用范围、豁免或检测方法。
40,41,镍及镍化合物,氯化镍,,7718-54-9,7718-54-9,已建立CAS映射,不符合（CAS命中）,HSF 001（飞书 Wiki）,飞书 Wiki HSF 001 Sheet 源表第 41 行；该 Sheet 仅提供限制项目、具体相关物质和CAS号，没有提供限值、单位、适用范围、豁免或检测方法。
41,42,镍及镍化合物,硝酸镍,,13138-45-9,13138-45-9,已建立CAS映射,不符合（CAS命中）,HSF 001（飞书 Wiki）,飞书 Wiki HSF 001 Sheet 源表第 42 行；该 Sheet 仅提供限制项目、具体相关物质和CAS号，没有提供限值、单位、适用范围、豁免或检测方法。
42,43,镍及镍化合物,碳酸镍,,3333-67-3,3333-67-3,已建立CAS映射,不符合（CAS命中）,HSF 001（飞书 Wiki）,飞书 Wiki HSF 001 Sheet 源表第 43 行；该 Sheet 仅提供限制项目、具体相关物质和CAS号，没有提供限值、单位、适用范围、豁免或检测方法。
43,44,镍及镍化合物,硫化镍,,16812-54-7,16812-54-7,已建立CAS映射,不符合（CAS命中）,HSF 001（飞书 Wiki）,飞书 Wiki HSF 001 Sheet 源表第 44 行；该 Sheet 仅提供限制项目、具体相关物质和CAS号，没有提供限值、单位、适用范围、豁免或检测方法。
44,45,砷及砷化合物,砷,,7440-38-2,7440-38-2,已建立CAS映射,不符合（CAS命中）,HSF 001（飞书 Wiki）,飞书 Wiki HSF 001 Sheet 源表第 45 行；该 Sheet 仅提供限制项目、具体相关物质和CAS号，没有提供限值、单位、适用范围、豁免或检测方法。
45,46,砷及砷化合物,三氧化二砷,,1327-53-3,1327-53-3,已建立CAS映射,不符合（CAS命中）,HSF 001（飞书 Wiki）,飞书 Wiki HSF 001 Sheet 源表第 46 行；该 Sheet 仅提供限制项目、具体相关物质和CAS号，没有提供限值、单位、适用范围、豁免或检测方法。
46,47,砷及砷化合物,五氧化二砷,,1303-28-2,1303-28-2,已建立CAS映射,不符合（CAS命中）,HSF 001（飞书 Wiki）,飞书 Wiki HSF 001 Sheet 源表第 47 行；该 Sheet 仅提供限制项目、具体相关物质和CAS号，没有提供限值、单位、适用范围、豁免或检测方法。
47,48,砷及砷化合物,砷酸,,7778-39-4,7778-39-4,已建立CAS映射,不符合（CAS命中）,HSF 001（飞书 Wiki）,飞书 Wiki HSF 001 Sheet 源表第 48 行；该 Sheet 仅提供限制项目、具体相关物质和CAS号，没有提供限值、单位、适用范围、豁免或检测方法。
48,49,砷及砷化合物,亚砷酸钠,,7784-46-5,7784-46-5,已建立CAS映射,不符合（CAS命中）,HSF 001（飞书 Wiki）,飞书 Wiki HSF 001 Sheet 源表第 49 行；该 Sheet 仅提供限制项目、具体相关物质和CAS号，没有提供限值、单位、适用范围、豁免或检测方法。
49,50,砷及砷化合物,砷酸钠,,13464-38-5,13464-38-5,已建立CAS映射,不符合（CAS命中）,HSF 001（飞书 Wiki）,飞书 Wiki HSF 001 Sheet 源表第 50 行；该 Sheet 仅提供限制项目、具体相关物质和CAS号，没有提供限值、单位、适用范围、豁免或检测方法。
50,51,砷及砷化合物,砷化镓,,1303-00-0,1303-00-0,已建立CAS映射,不符合（CAS命中）,HSF 001（飞书 Wiki）,飞书 Wiki HSF 001 Sheet 源表第 51 行；该 Sheet 仅提供限制项目、具体相关物质和CAS号，没有提供限值、单位、适用范围、豁免或检测方法。
51,52,铍及铍化合物,铍,,7440-41-7,7440-41-7,已建立CAS映射,不符合（CAS命中）,HSF 001（飞书 Wiki）,飞书 Wiki HSF 001 Sheet 源表第 52 行；该 Sheet 仅提供限制项目、具体相关物质和CAS号，没有提供限值、单位、适用范围、豁免或检测方法。
52,53,铍及铍化合物,氧化铍,,1304-56-9,1304-56-9,已建立CAS映射,不符合（CAS命中）,HSF 001（飞书 Wiki）,飞书 Wiki HSF 001 Sheet 源表第 53 行；该 Sheet 仅提供限制项目、具体相关物质和CAS号，没有提供限值、单位、适用范围、豁免或检测方法。
53,54,铍及铍化合物,氢氧化铍,,13327-32-7,13327-32-7,已建立CAS映射,不符合（CAS命中）,HSF 001（飞书 Wiki）,飞书 Wiki HSF 001 Sheet 源表第 54 行；该 Sheet 仅提供限制项目、具体相关物质和CAS号，没有提供限值、单位、适用范围、豁免或检测方法。
54,55,铍及铍化合物,氯化铍,,7787-47-5,7787-47-5,已建立CAS映射,不符合（CAS命中）,HSF 001（飞书 Wiki）,飞书 Wiki HSF 001 Sheet 源表第 55 行；该 Sheet 仅提供限制项目、具体相关物质和CAS号，没有提供限值、单位、适用范围、豁免或检测方法。
55,56,铍及铍化合物,硫酸铍,,13510-49-1,13510-49-1,已建立CAS映射,不符合（CAS命中）,HSF 001（飞书 Wiki）,飞书 Wiki HSF 001 Sheet 源表第 56 行；该 Sheet 仅提供限制项目、具体相关物质和CAS号，没有提供限值、单位、适用范围、豁免或检测方法。
56,57,铍及铍化合物,氟化铍,,7787-49-7,7787-49-7,已建立CAS映射,不符合（CAS命中）,HSF 001（飞书 Wiki）,飞书 Wiki HSF 001 Sheet 源表第 57 行；该 Sheet 仅提供限制项目、具体相关物质和CAS号，没有提供限值、单位、适用范围、豁免或检测方法。
57,58,锑及锑化合物,锑,,7440-36-0,7440-36-0,已建立CAS映射,不符合（CAS命中）,HSF 001（飞书 Wiki）,飞书 Wiki HSF 001 Sheet 源表第 58 行；该 Sheet 仅提供限制项目、具体相关物质和CAS号，没有提供限值、单位、适用范围、豁免或检测方法。
58,59,锑及锑化合物,三氧化二锑,,1309-64-4,1309-64-4,已建立CAS映射,不符合（CAS命中）,HSF 001（飞书 Wiki）,飞书 Wiki HSF 001 Sheet 源表第 59 行；该 Sheet 仅提供限制项目、具体相关物质和CAS号，没有提供限值、单位、适用范围、豁免或检测方法。
59,60,锑及锑化合物,五氧化二锑,,1314-60-9,1314-60-9,已建立CAS映射,不符合（CAS命中）,HSF 001（飞书 Wiki）,飞书 Wiki HSF 001 Sheet 源表第 60 行；该 Sheet 仅提供限制项目、具体相关物质和CAS号，没有提供限值、单位、适用范围、豁免或检测方法。
60,61,锑及锑化合物,三氯化锑,,10025-91-9,10025-91-9,已建立CAS映射,不符合（CAS命中）,HSF 001（飞书 Wiki）,飞书 Wiki HSF 001 Sheet 源表第 61 行；该 Sheet 仅提供限制项目、具体相关物质和CAS号，没有提供限值、单位、适用范围、豁免或检测方法。
61,62,锑及锑化合物,五氯化锑,,7647-18-9,7647-18-9,已建立CAS映射,不符合（CAS命中）,HSF 001（飞书 Wiki）,飞书 Wiki HSF 001 Sheet 源表第 62 行；该 Sheet 仅提供限制项目、具体相关物质和CAS号，没有提供限值、单位、适用范围、豁免或检测方法。
62,63,锑及锑化合物,三硫化二锑,,1345-04-6,1345-04-6,已建立CAS映射,不符合（CAS命中）,HSF 001（飞书 Wiki）,飞书 Wiki HSF 001 Sheet 源表第 63 行；该 Sheet 仅提供限制项目、具体相关物质和CAS号，没有提供限值、单位、适用范围、豁免或检测方法。
63,64,多溴联苯 PBB,联苯的多溴化物组,,59536-65-1 (多溴联苯 PBBs类别CAS),多个CAS,已补全(类别基准CAS),需人工确认（CAS范围）,HSF 001（飞书 Wiki）,飞书 Wiki HSF 001 Sheet 源表第 64 行；该 Sheet 仅提供限制项目、具体相关物质和CAS号，没有提供限值、单位、适用范围、豁免或检测方法。
64,65,多溴联苯 PBB,四溴联苯,,40088-45-7,40088-45-7,已建立CAS映射,不符合（CAS命中）,HSF 001（飞书 Wiki）,飞书 Wiki HSF 001 Sheet 源表第 65 行；该 Sheet 仅提供限制项目、具体相关物质和CAS号，没有提供限值、单位、适用范围、豁免或检测方法。
65,66,多溴联苯 PBB,五溴联苯,,56307-79-0,56307-79-0,已建立CAS映射,不符合（CAS命中）,HSF 001（飞书 Wiki）,飞书 Wiki HSF 001 Sheet 源表第 66 行；该 Sheet 仅提供限制项目、具体相关物质和CAS号，没有提供限值、单位、适用范围、豁免或检测方法。
66,67,多溴联苯 PBB,六溴联苯,,36355-01-8,36355-01-8,已建立CAS映射,不符合（CAS命中）,HSF 001（飞书 Wiki）,飞书 Wiki HSF 001 Sheet 源表第 67 行；该 Sheet 仅提供限制项目、具体相关物质和CAS号，没有提供限值、单位、适用范围、豁免或检测方法。
67,68,多溴联苯 PBB,八溴联苯,,27858-07-7,27858-07-7,已建立CAS映射,不符合（CAS命中）,HSF 001（飞书 Wiki）,飞书 Wiki HSF 001 Sheet 源表第 68 行；该 Sheet 仅提供限制项目、具体相关物质和CAS号，没有提供限值、单位、适用范围、豁免或检测方法。
68,69,多溴联苯 PBB,十溴联苯,,13654-09-6,13654-09-6,已建立CAS映射,不符合（CAS命中）,HSF 001（飞书 Wiki）,飞书 Wiki HSF 001 Sheet 源表第 69 行；该 Sheet 仅提供限制项目、具体相关物质和CAS号，没有提供限值、单位、适用范围、豁免或检测方法。
69,70,多溴联苯醚 PBDE,四溴二苯醚,,40088-47-9,40088-47-9,已建立CAS映射,不符合（CAS命中）,HSF 001（飞书 Wiki）,飞书 Wiki HSF 001 Sheet 源表第 70 行；该 Sheet 仅提供限制项目、具体相关物质和CAS号，没有提供限值、单位、适用范围、豁免或检测方法。
70,71,多溴联苯醚 PBDE,五溴二苯醚,,32534-81-9,32534-81-9,已建立CAS映射,不符合（CAS命中）,HSF 001（飞书 Wiki）,飞书 Wiki HSF 001 Sheet 源表第 71 行；该 Sheet 仅提供限制项目、具体相关物质和CAS号，没有提供限值、单位、适用范围、豁免或检测方法。
71,72,多溴联苯醚 PBDE,六溴二苯醚,,36483-60-0,36483-60-0,已建立CAS映射,不符合（CAS命中）,HSF 001（飞书 Wiki）,飞书 Wiki HSF 001 Sheet 源表第 72 行；该 Sheet 仅提供限制项目、具体相关物质和CAS号，没有提供限值、单位、适用范围、豁免或检测方法。
72,73,多溴联苯醚 PBDE,七溴二苯醚,,68928-80-3,68928-80-3,已建立CAS映射,不符合（CAS命中）,HSF 001（飞书 Wiki）,飞书 Wiki HSF 001 Sheet 源表第 73 行；该 Sheet 仅提供限制项目、具体相关物质和CAS号，没有提供限值、单位、适用范围、豁免或检测方法。
73,74,多溴联苯醚 PBDE,八溴二苯醚,,32536-52-0,32536-52-0,已建立CAS映射,不符合（CAS命中）,HSF 001（飞书 Wiki）,飞书 Wiki HSF 001 Sheet 源表第 74 行；该 Sheet 仅提供限制项目、具体相关物质和CAS号，没有提供限值、单位、适用范围、豁免或检测方法。
74,75,多溴联苯醚 PBDE,九溴二苯醚,,63936-56-1,63936-56-1,已建立CAS映射,不符合（CAS命中）,HSF 001（飞书 Wiki）,飞书 Wiki HSF 001 Sheet 源表第 75 行；该 Sheet 仅提供限制项目、具体相关物质和CAS号，没有提供限值、单位、适用范围、豁免或检测方法。
75,76,多溴联苯醚 PBDE,十溴二苯醚 BDE-209,,1163-19-5,1163-19-5,已建立CAS映射,不符合（CAS命中）,HSF 001（飞书 Wiki）,飞书 Wiki HSF 001 Sheet 源表第 76 行；该 Sheet 仅提供限制项目、具体相关物质和CAS号，没有提供限值、单位、适用范围、豁免或检测方法。
76,77,四溴双酚A TBBPA,四溴双酚A,,79-94-7,79-94-7,已建立CAS映射,不符合（CAS命中）,HSF 001（飞书 Wiki）,飞书 Wiki HSF 001 Sheet 源表第 77 行；该 Sheet 仅提供限制项目、具体相关物质和CAS号，没有提供限值、单位、适用范围、豁免或检测方法。
77,78,六溴环十二烷 HBCDD,HBCDD技术混合物,,25637-99-4,25637-99-4,已建立CAS映射,不符合（CAS命中）,HSF 001（飞书 Wiki）,飞书 Wiki HSF 001 Sheet 源表第 78 行；该 Sheet 仅提供限制项目、具体相关物质和CAS号，没有提供限值、单位、适用范围、豁免或检测方法。
78,79,六溴环十二烷 HBCDD,"1,2,5,6,9,10-六溴环十二烷",,3194-55-6,3194-55-6,已建立CAS映射,不符合（CAS命中）,HSF 001（飞书 Wiki）,飞书 Wiki HSF 001 Sheet 源表第 79 行；该 Sheet 仅提供限制项目、具体相关物质和CAS号，没有提供限值、单位、适用范围、豁免或检测方法。
79,80,六溴环十二烷 HBCDD,α-HBCDD,,134237-50-6,134237-50-6,已建立CAS映射,不符合（CAS命中）,HSF 001（飞书 Wiki）,飞书 Wiki HSF 001 Sheet 源表第 80 行；该 Sheet 仅提供限制项目、具体相关物质和CAS号，没有提供限值、单位、适用范围、豁免或检测方法。
80,81,六溴环十二烷 HBCDD,β-HBCDD,,134237-51-7,134237-51-7,已建立CAS映射,不符合（CAS命中）,HSF 001（飞书 Wiki）,飞书 Wiki HSF 001 Sheet 源表第 81 行；该 Sheet 仅提供限制项目、具体相关物质和CAS号，没有提供限值、单位、适用范围、豁免或检测方法。
81,82,六溴环十二烷 HBCDD,γ-HBCDD,,134237-52-8,134237-52-8,已建立CAS映射,不符合（CAS命中）,HSF 001（飞书 Wiki）,飞书 Wiki HSF 001 Sheet 源表第 82 行；该 Sheet 仅提供限制项目、具体相关物质和CAS号，没有提供限值、单位、适用范围、豁免或检测方法。
82,83,其他有机溴化合物,"三(2,3-二溴丙基)磷酸酯",,126-72-7,126-72-7,已建立CAS映射,不符合（CAS命中）,HSF 001（飞书 Wiki）,飞书 Wiki HSF 001 Sheet 源表第 83 行；该 Sheet 仅提供限制项目、具体相关物质和CAS号，没有提供限值、单位、适用范围、豁免或检测方法。
83,84,其他有机溴化合物,"双(2,3-二溴丙基)磷酸酯",,5412-25-9,5412-25-9,已建立CAS映射,不符合（CAS命中）,HSF 001（飞书 Wiki）,飞书 Wiki HSF 001 Sheet 源表第 84 行；该 Sheet 仅提供限制项目、具体相关物质和CAS号，没有提供限值、单位、适用范围、豁免或检测方法。
84,85,其他有机溴化合物,"2,2-双(溴甲基)-1,3-丙二醇",,3296-90-0,3296-90-0,已建立CAS映射,不符合（CAS命中）,HSF 001（飞书 Wiki）,飞书 Wiki HSF 001 Sheet 源表第 85 行；该 Sheet 仅提供限制项目、具体相关物质和CAS号，没有提供限值、单位、适用范围、豁免或检测方法。
85,86,其他有机溴化合物,六溴苯,,87-82-1,87-82-1,已建立CAS映射,不符合（CAS命中）,HSF 001（飞书 Wiki）,飞书 Wiki HSF 001 Sheet 源表第 86 行；该 Sheet 仅提供限制项目、具体相关物质和CAS号，没有提供限值、单位、适用范围、豁免或检测方法。
86,87,其他有机溴化合物,五溴甲苯,,87-83-2,87-83-2,已建立CAS映射,不符合（CAS命中）,HSF 001（飞书 Wiki）,飞书 Wiki HSF 001 Sheet 源表第 87 行；该 Sheet 仅提供限制项目、具体相关物质和CAS号，没有提供限值、单位、适用范围、豁免或检测方法。
87,88,多氯联苯 PCB,PCB混合物,,1336-36-3,1336-36-3,已建立CAS映射,不符合（CAS命中）,HSF 001（飞书 Wiki）,飞书 Wiki HSF 001 Sheet 源表第 88 行；该 Sheet 仅提供限制项目、具体相关物质和CAS号，没有提供限值、单位、适用范围、豁免或检测方法。
88,89,多氯联苯 PCB,Aroclor 1242,,53469-21-9,53469-21-9,已建立CAS映射,不符合（CAS命中）,HSF 001（飞书 Wiki）,飞书 Wiki HSF 001 Sheet 源表第 89 行；该 Sheet 仅提供限制项目、具体相关物质和CAS号，没有提供限值、单位、适用范围、豁免或检测方法。
89,90,多氯联苯 PCB,Aroclor 1254,,11097-69-1,11097-69-1,已建立CAS映射,不符合（CAS命中）,HSF 001（飞书 Wiki）,飞书 Wiki HSF 001 Sheet 源表第 90 行；该 Sheet 仅提供限制项目、具体相关物质和CAS号，没有提供限值、单位、适用范围、豁免或检测方法。
90,91,多氯联苯 PCB,Aroclor 1260,,11096-82-5,11096-82-5,已建立CAS映射,不符合（CAS命中）,HSF 001（飞书 Wiki）,飞书 Wiki HSF 001 Sheet 源表第 91 行；该 Sheet 仅提供限制项目、具体相关物质和CAS号，没有提供限值、单位、适用范围、豁免或检测方法。
91,92,多氯联苯 PCB,"4,4'-二氯联苯",,2050-68-2,2050-68-2,已建立CAS映射,不符合（CAS命中）,HSF 001（飞书 Wiki）,飞书 Wiki HSF 001 Sheet 源表第 92 行；该 Sheet 仅提供限制项目、具体相关物质和CAS号，没有提供限值、单位、适用范围、豁免或检测方法。
92,93,多氯联苯 PCB,"2,2',4,4',5,5'-六氯联苯 PCB-153",,35065-27-1,35065-27-1,已建立CAS映射,不符合（CAS命中）,HSF 001（飞书 Wiki）,飞书 Wiki HSF 001 Sheet 源表第 93 行；该 Sheet 仅提供限制项目、具体相关物质和CAS号，没有提供限值、单位、适用范围、豁免或检测方法。
93,94,多氯化萘 PCN,多氯萘,,70776-03-3 (PCNs混合物基准CAS),多个CAS,已补全(类别基准CAS),需人工确认（CAS范围）,HSF 001（飞书 Wiki）,飞书 Wiki HSF 001 Sheet 源表第 94 行；该 Sheet 仅提供限制项目、具体相关物质和CAS号，没有提供限值、单位、适用范围、豁免或检测方法。
94,95,多氯化萘 PCN,一氯萘,,90-13-1,90-13-1,已建立CAS映射,不符合（CAS命中）,HSF 001（飞书 Wiki）,飞书 Wiki HSF 001 Sheet 源表第 95 行；该 Sheet 仅提供限制项目、具体相关物质和CAS号，没有提供限值、单位、适用范围、豁免或检测方法。
95,96,多氯化萘 PCN,二氯萘,,28699-88-9,28699-88-9,已建立CAS映射,不符合（CAS命中）,HSF 001（飞书 Wiki）,飞书 Wiki HSF 001 Sheet 源表第 96 行；该 Sheet 仅提供限制项目、具体相关物质和CAS号，没有提供限值、单位、适用范围、豁免或检测方法。
96,97,多氯化萘 PCN,三氯萘,,1321-65-9,1321-65-9,已建立CAS映射,不符合（CAS命中）,HSF 001（飞书 Wiki）,飞书 Wiki HSF 001 Sheet 源表第 97 行；该 Sheet 仅提供限制项目、具体相关物质和CAS号，没有提供限值、单位、适用范围、豁免或检测方法。
97,98,多氯化萘 PCN,四氯萘,,1335-88-2,1335-88-2,已建立CAS映射,不符合（CAS命中）,HSF 001（飞书 Wiki）,飞书 Wiki HSF 001 Sheet 源表第 98 行；该 Sheet 仅提供限制项目、具体相关物质和CAS号，没有提供限值、单位、适用范围、豁免或检测方法。
98,99,多氯化萘 PCN,五氯萘,,1321-64-8,1321-64-8,已建立CAS映射,不符合（CAS命中）,HSF 001（飞书 Wiki）,飞书 Wiki HSF 001 Sheet 源表第 99 行；该 Sheet 仅提供限制项目、具体相关物质和CAS号，没有提供限值、单位、适用范围、豁免或检测方法。
99,100,多氯化萘 PCN,六氯萘,,1335-87-1,1335-87-1,已建立CAS映射,不符合（CAS命中）,HSF 001（飞书 Wiki）,飞书 Wiki HSF 001 Sheet 源表第 100 行；该 Sheet 仅提供限制项目、具体相关物质和CAS号，没有提供限值、单位、适用范围、豁免或检测方法。
100,101,多氯化萘 PCN,七氯萘,,32241-08-0,32241-08-0,已建立CAS映射,不符合（CAS命中）,HSF 001（飞书 Wiki）,飞书 Wiki HSF 001 Sheet 源表第 101 行；该 Sheet 仅提供限制项目、具体相关物质和CAS号，没有提供限值、单位、适用范围、豁免或检测方法。
101,102,多氯化萘 PCN,八氯萘,,2234-13-1,2234-13-1,已建立CAS映射,不符合（CAS命中）,HSF 001（飞书 Wiki）,飞书 Wiki HSF 001 Sheet 源表第 102 行；该 Sheet 仅提供限制项目、具体相关物质和CAS号，没有提供限值、单位、适用范围、豁免或检测方法。
102,103,多氯三联苯 PCT,氯化三联苯,,61788-33-8,61788-33-8,已建立CAS映射,不符合（CAS命中）,HSF 001（飞书 Wiki）,飞书 Wiki HSF 001 Sheet 源表第 103 行；该 Sheet 仅提供限制项目、具体相关物质和CAS号，没有提供限值、单位、适用范围、豁免或检测方法。
103,104,氯化石蜡 CP,短链氯化石蜡 SCCP，C10–13,,85535-84-8,85535-84-8,已建立CAS映射,不符合（CAS命中）,HSF 001（飞书 Wiki）,飞书 Wiki HSF 001 Sheet 源表第 104 行；该 Sheet 仅提供限制项目、具体相关物质和CAS号，没有提供限值、单位、适用范围、豁免或检测方法。
104,105,氯化石蜡 CP,中链氯化石蜡 MCCP，C14–17,,85535-85-9,85535-85-9,已建立CAS映射,不符合（CAS命中）,HSF 001（飞书 Wiki）,飞书 Wiki HSF 001 Sheet 源表第 105 行；该 Sheet 仅提供限制项目、具体相关物质和CAS号，没有提供限值、单位、适用范围、豁免或检测方法。
105,106,氯化石蜡 CP,长链氯化石蜡 LCCP，C18–28,,85535-86-0,85535-86-0,已建立CAS映射,不符合（CAS命中）,HSF 001（飞书 Wiki）,飞书 Wiki HSF 001 Sheet 源表第 106 行；该 Sheet 仅提供限制项目、具体相关物质和CAS号，没有提供限值、单位、适用范围、豁免或检测方法。
106,107,氯化石蜡 CP,氯化石蜡通用商品混合物,,63449-39-8,63449-39-8,已建立CAS映射,不符合（CAS命中）,HSF 001（飞书 Wiki）,飞书 Wiki HSF 001 Sheet 源表第 107 行；该 Sheet 仅提供限制项目、具体相关物质和CAS号，没有提供限值、单位、适用范围、豁免或检测方法。
107,108,PVC及PVC混合物,聚氯乙烯 PVC,,9002-86-2,9002-86-2,已建立CAS映射,不符合（CAS命中）,HSF 001（飞书 Wiki）,飞书 Wiki HSF 001 Sheet 源表第 108 行；该 Sheet 仅提供限制项目、具体相关物质和CAS号，没有提供限值、单位、适用范围、豁免或检测方法。
108,109,双(氯甲基)醚,双(氯甲基)醚 BCME,,542-88-1,542-88-1,已建立CAS映射,不符合（CAS命中）,HSF 001（飞书 Wiki）,飞书 Wiki HSF 001 Sheet 源表第 109 行；该 Sheet 仅提供限制项目、具体相关物质和CAS号，没有提供限值、单位、适用范围、豁免或检测方法。
109,110,氯丹类,氯丹,,57-74-9,57-74-9,已建立CAS映射,不符合（CAS命中）,HSF 001（飞书 Wiki）,飞书 Wiki HSF 001 Sheet 源表第 110 行；该 Sheet 仅提供限制项目、具体相关物质和CAS号，没有提供限值、单位、适用范围、豁免或检测方法。
110,111,氯丹类,顺式氯丹,,5103-71-9,5103-71-9,已建立CAS映射,不符合（CAS命中）,HSF 001（飞书 Wiki）,飞书 Wiki HSF 001 Sheet 源表第 111 行；该 Sheet 仅提供限制项目、具体相关物质和CAS号，没有提供限值、单位、适用范围、豁免或检测方法。
111,112,氯丹类,反式氯丹,,5103-74-2,5103-74-2,已建立CAS映射,不符合（CAS命中）,HSF 001（飞书 Wiki）,飞书 Wiki HSF 001 Sheet 源表第 112 行；该 Sheet 仅提供限制项目、具体相关物质和CAS号，没有提供限值、单位、适用范围、豁免或检测方法。
112,113,氯丹类,氧氯丹,,26880-48-8,26880-48-8,已建立CAS映射,不符合（CAS命中）,HSF 001（飞书 Wiki）,飞书 Wiki HSF 001 Sheet 源表第 113 行；该 Sheet 仅提供限制项目、具体相关物质和CAS号，没有提供限值、单位、适用范围、豁免或检测方法。
113,114,氯丹类,七氯,,76-44-8,76-44-8,已建立CAS映射,不符合（CAS命中）,HSF 001（飞书 Wiki）,飞书 Wiki HSF 001 Sheet 源表第 114 行；该 Sheet 仅提供限制项目、具体相关物质和CAS号，没有提供限值、单位、适用范围、豁免或检测方法。
114,115,氯化烃,四氯化碳,,56-23-5,56-23-5,已建立CAS映射,不符合（CAS命中）,HSF 001（飞书 Wiki）,飞书 Wiki HSF 001 Sheet 源表第 115 行；该 Sheet 仅提供限制项目、具体相关物质和CAS号，没有提供限值、单位、适用范围、豁免或检测方法。
115,116,氯化烃,"1,1,1-三氯乙烷",,71-55-6,71-55-6,已建立CAS映射,不符合（CAS命中）,HSF 001（飞书 Wiki）,飞书 Wiki HSF 001 Sheet 源表第 116 行；该 Sheet 仅提供限制项目、具体相关物质和CAS号，没有提供限值、单位、适用范围、豁免或检测方法。
116,117,氯化烃,三氯乙烯,,79-01-6,28861,已建立CAS映射,不符合（CAS命中）,HSF 001（飞书 Wiki）,飞书 Wiki HSF 001 Sheet 源表第 117 行；该 Sheet 仅提供限制项目、具体相关物质和CAS号，没有提供限值、单位、适用范围、豁免或检测方法。
117,118,氯化烃,四氯乙烯,,127-18-4,127-18-4,已建立CAS映射,不符合（CAS命中）,HSF 001（飞书 Wiki）,飞书 Wiki HSF 001 Sheet 源表第 118 行；该 Sheet 仅提供限制项目、具体相关物质和CAS号，没有提供限值、单位、适用范围、豁免或检测方法。
118,119,氯化烃,二氯甲烷,,75-09-2,27639,已建立CAS映射,不符合（CAS命中）,HSF 001（飞书 Wiki）,飞书 Wiki HSF 001 Sheet 源表第 119 行；该 Sheet 仅提供限制项目、具体相关物质和CAS号，没有提供限值、单位、适用范围、豁免或检测方法。
119,120,氯化烃,"1,2-二氯乙烷",,107-06-2,107-06-2,已建立CAS映射,不符合（CAS命中）,HSF 001（飞书 Wiki）,飞书 Wiki HSF 001 Sheet 源表第 120 行；该 Sheet 仅提供限制项目、具体相关物质和CAS号，没有提供限值、单位、适用范围、豁免或检测方法。
120,121,六氯环己烷 HCH,HCH技术混合物,,608-73-1,608-73-1,已建立CAS映射,不符合（CAS命中）,HSF 001（飞书 Wiki）,飞书 Wiki HSF 001 Sheet 源表第 121 行；该 Sheet 仅提供限制项目、具体相关物质和CAS号，没有提供限值、单位、适用范围、豁免或检测方法。
121,122,六氯环己烷 HCH,α-HCH,,319-84-6,319-84-6,已建立CAS映射,不符合（CAS命中）,HSF 001（飞书 Wiki）,飞书 Wiki HSF 001 Sheet 源表第 122 行；该 Sheet 仅提供限制项目、具体相关物质和CAS号，没有提供限值、单位、适用范围、豁免或检测方法。
122,123,六氯环己烷 HCH,β-HCH,,319-85-7,319-85-7,已建立CAS映射,不符合（CAS命中）,HSF 001（飞书 Wiki）,飞书 Wiki HSF 001 Sheet 源表第 123 行；该 Sheet 仅提供限制项目、具体相关物质和CAS号，没有提供限值、单位、适用范围、豁免或检测方法。
123,124,六氯环己烷 HCH,γ-HCH / 林丹,,58-89-9,58-89-9,已建立CAS映射,不符合（CAS命中）,HSF 001（飞书 Wiki）,飞书 Wiki HSF 001 Sheet 源表第 124 行；该 Sheet 仅提供限制项目、具体相关物质和CAS号，没有提供限值、单位、适用范围、豁免或检测方法。
124,125,六氯环己烷 HCH,δ-HCH,,319-86-8,319-86-8,已建立CAS映射,不符合（CAS命中）,HSF 001（飞书 Wiki）,飞书 Wiki HSF 001 Sheet 源表第 125 行；该 Sheet 仅提供限制项目、具体相关物质和CAS号，没有提供限值、单位、适用范围、豁免或检测方法。
125,126,其他有机氯化合物,五氯苯,,608-93-5,608-93-5,已建立CAS映射,不符合（CAS命中）,HSF 001（飞书 Wiki）,飞书 Wiki HSF 001 Sheet 源表第 126 行；该 Sheet 仅提供限制项目、具体相关物质和CAS号，没有提供限值、单位、适用范围、豁免或检测方法。
126,127,其他有机氯化合物,六氯苯,,118-74-1,118-74-1,已建立CAS映射,不符合（CAS命中）,HSF 001（飞书 Wiki）,飞书 Wiki HSF 001 Sheet 源表第 127 行；该 Sheet 仅提供限制项目、具体相关物质和CAS号，没有提供限值、单位、适用范围、豁免或检测方法。
127,128,其他有机氯化合物,五氯苯酚,,87-86-5,87-86-5,已建立CAS映射,不符合（CAS命中）,HSF 001（飞书 Wiki）,飞书 Wiki HSF 001 Sheet 源表第 128 行；该 Sheet 仅提供限制项目、具体相关物质和CAS号，没有提供限值、单位、适用范围、豁免或检测方法。
128,129,其他有机氯化合物,六氯丁二烯,,87-68-3,87-68-3,已建立CAS映射,不符合（CAS命中）,HSF 001（飞书 Wiki）,飞书 Wiki HSF 001 Sheet 源表第 129 行；该 Sheet 仅提供限制项目、具体相关物质和CAS号，没有提供限值、单位、适用范围、豁免或检测方法。
129,130,其他有机氯化合物,艾氏剂,,309-00-2,309-00-2,已建立CAS映射,不符合（CAS命中）,HSF 001（飞书 Wiki）,飞书 Wiki HSF 001 Sheet 源表第 130 行；该 Sheet 仅提供限制项目、具体相关物质和CAS号，没有提供限值、单位、适用范围、豁免或检测方法。
130,131,其他有机氯化合物,狄氏剂,,60-57-1,60-57-1,已建立CAS映射,不符合（CAS命中）,HSF 001（飞书 Wiki）,飞书 Wiki HSF 001 Sheet 源表第 131 行；该 Sheet 仅提供限制项目、具体相关物质和CAS号，没有提供限值、单位、适用范围、豁免或检测方法。
131,132,其他有机氯化合物,异狄氏剂,,72-20-8,72-20-8,已建立CAS映射,不符合（CAS命中）,HSF 001（飞书 Wiki）,飞书 Wiki HSF 001 Sheet 源表第 132 行；该 Sheet 仅提供限制项目、具体相关物质和CAS号，没有提供限值、单位、适用范围、豁免或检测方法。
132,133,其他有机氯化合物,DDT,,50-29-3,50-29-3,已建立CAS映射,不符合（CAS命中）,HSF 001（飞书 Wiki）,飞书 Wiki HSF 001 Sheet 源表第 133 行；该 Sheet 仅提供限制项目、具体相关物质和CAS号，没有提供限值、单位、适用范围、豁免或检测方法。
133,134,有机锡化合物：TBT,双(三丁基锡)氧化物 TBTO,,56-35-9,56-35-9,已建立CAS映射,不符合（CAS命中）,HSF 001（飞书 Wiki）,飞书 Wiki HSF 001 Sheet 源表第 134 行；该 Sheet 仅提供限制项目、具体相关物质和CAS号，没有提供限值、单位、适用范围、豁免或检测方法。
134,135,有机锡化合物：TBT,三丁基氯化锡,,1461-22-9,1461-22-9,已建立CAS映射,不符合（CAS命中）,HSF 001（飞书 Wiki）,飞书 Wiki HSF 001 Sheet 源表第 135 行；该 Sheet 仅提供限制项目、具体相关物质和CAS号，没有提供限值、单位、适用范围、豁免或检测方法。
135,136,有机锡化合物：TBT,三丁基氟化锡,,1983-10-4,30593,已建立CAS映射,不符合（CAS命中）,HSF 001（飞书 Wiki）,飞书 Wiki HSF 001 Sheet 源表第 136 行；该 Sheet 仅提供限制项目、具体相关物质和CAS号，没有提供限值、单位、适用范围、豁免或检测方法。
136,137,有机锡化合物：TBT,三丁基锡甲基丙烯酸酯,,2155-70-6,2155-70-6,已建立CAS映射,不符合（CAS命中）,HSF 001（飞书 Wiki）,飞书 Wiki HSF 001 Sheet 源表第 137 行；该 Sheet 仅提供限制项目、具体相关物质和CAS号，没有提供限值、单位、适用范围、豁免或检测方法。
137,138,有机锡化合物：TBT,三丁基锡苯甲酸酯,,4342-36-3,4342-36-3,已建立CAS映射,不符合（CAS命中）,HSF 001（飞书 Wiki）,飞书 Wiki HSF 001 Sheet 源表第 138 行；该 Sheet 仅提供限制项目、具体相关物质和CAS号，没有提供限值、单位、适用范围、豁免或检测方法。
138,139,有机锡化合物：TBT,三丁基锡乙酸酯,,56-36-0,56-36-0,已建立CAS映射,不符合（CAS命中）,HSF 001（飞书 Wiki）,飞书 Wiki HSF 001 Sheet 源表第 139 行；该 Sheet 仅提供限制项目、具体相关物质和CAS号，没有提供限值、单位、适用范围、豁免或检测方法。
139,140,有机锡化合物：TBT,三丁基溴化锡,,1461-23-0,1461-23-0,已建立CAS映射,不符合（CAS命中）,HSF 001（飞书 Wiki）,飞书 Wiki HSF 001 Sheet 源表第 140 行；该 Sheet 仅提供限制项目、具体相关物质和CAS号，没有提供限值、单位、适用范围、豁免或检测方法。
140,141,有机锡化合物：TBT,三丁基锡亚油酸酯,,24124-25-2,24124-25-2,已建立CAS映射,不符合（CAS命中）,HSF 001（飞书 Wiki）,飞书 Wiki HSF 001 Sheet 源表第 141 行；该 Sheet 仅提供限制项目、具体相关物质和CAS号，没有提供限值、单位、适用范围、豁免或检测方法。
141,142,有机锡化合物：TBT,三丁基锡环烷酸盐,,85409-17-2,85409-17-2,已建立CAS映射,不符合（CAS命中）,HSF 001（飞书 Wiki）,飞书 Wiki HSF 001 Sheet 源表第 142 行；该 Sheet 仅提供限制项目、具体相关物质和CAS号，没有提供限值、单位、适用范围、豁免或检测方法。
142,143,有机锡化合物：TPT,三苯基氯化锡,,639-58-7,639-58-7,已建立CAS映射,不符合（CAS命中）,HSF 001（飞书 Wiki）,飞书 Wiki HSF 001 Sheet 源表第 143 行；该 Sheet 仅提供限制项目、具体相关物质和CAS号，没有提供限值、单位、适用范围、豁免或检测方法。
143,144,有机锡化合物：TPT,三苯基氟化锡,,379-52-2,379-52-2,已建立CAS映射,不符合（CAS命中）,HSF 001（飞书 Wiki）,飞书 Wiki HSF 001 Sheet 源表第 144 行；该 Sheet 仅提供限制项目、具体相关物质和CAS号，没有提供限值、单位、适用范围、豁免或检测方法。
144,145,有机锡化合物：TPT,三苯基氢氧化锡,,76-87-9,76-87-9,已建立CAS映射,不符合（CAS命中）,HSF 001（飞书 Wiki）,飞书 Wiki HSF 001 Sheet 源表第 145 行；该 Sheet 仅提供限制项目、具体相关物质和CAS号，没有提供限值、单位、适用范围、豁免或检测方法。
145,146,有机锡化合物：TPT,三苯基乙酸锡,,900-95-8,900-95-8,已建立CAS映射,不符合（CAS命中）,HSF 001（飞书 Wiki）,飞书 Wiki HSF 001 Sheet 源表第 146 行；该 Sheet 仅提供限制项目、具体相关物质和CAS号，没有提供限值、单位、适用范围、豁免或检测方法。
146,147,氧化三丁基锡 TBTO,双(三丁基锡)氧化物,,56-35-9,56-35-9,已建立CAS映射,不符合（CAS命中）,HSF 001（飞书 Wiki）,飞书 Wiki HSF 001 Sheet 源表第 147 行；该 Sheet 仅提供限制项目、具体相关物质和CAS号，没有提供限值、单位、适用范围、豁免或检测方法。
147,148,"2-(2H-苯并三唑-2-基)-4,6-二叔丁基苯酚",UV-320,,3846-71-7,3846-71-7,已建立CAS映射,不符合（CAS命中）,HSF 001（飞书 Wiki）,飞书 Wiki HSF 001 Sheet 源表第 148 行；该 Sheet 仅提供限制项目、具体相关物质和CAS号，没有提供限值、单位、适用范围、豁免或检测方法。
148,149,石棉,温石棉 Chrysotile,,12001-29-5,12001-29-5,已建立CAS映射,不符合（CAS命中）,HSF 001（飞书 Wiki）,飞书 Wiki HSF 001 Sheet 源表第 149 行；该 Sheet 仅提供限制项目、具体相关物质和CAS号，没有提供限值、单位、适用范围、豁免或检测方法。
149,150,石棉,青石棉 Crocidolite,,12001-28-4,12001-28-4,已建立CAS映射,不符合（CAS命中）,HSF 001（飞书 Wiki）,飞书 Wiki HSF 001 Sheet 源表第 150 行；该 Sheet 仅提供限制项目、具体相关物质和CAS号，没有提供限值、单位、适用范围、豁免或检测方法。
150,151,石棉,铁石棉 Amosite,,12172-73-5,12172-73-5,已建立CAS映射,不符合（CAS命中）,HSF 001（飞书 Wiki）,飞书 Wiki HSF 001 Sheet 源表第 151 行；该 Sheet 仅提供限制项目、具体相关物质和CAS号，没有提供限值、单位、适用范围、豁免或检测方法。
151,152,石棉,透闪石石棉 Tremolite asbestos,,77536-68-6,77536-68-6,已建立CAS映射,不符合（CAS命中）,HSF 001（飞书 Wiki）,飞书 Wiki HSF 001 Sheet 源表第 152 行；该 Sheet 仅提供限制项目、具体相关物质和CAS号，没有提供限值、单位、适用范围、豁免或检测方法。
152,153,石棉,阳起石石棉 Actinolite asbestos,,77536-66-4,77536-66-4,已建立CAS映射,不符合（CAS命中）,HSF 001（飞书 Wiki）,飞书 Wiki HSF 001 Sheet 源表第 153 行；该 Sheet 仅提供限制项目、具体相关物质和CAS号，没有提供限值、单位、适用范围、豁免或检测方法。
153,154,石棉,直闪石石棉 Anthophyllite asbestos,,77536-67-5,77536-67-5,已建立CAS映射,不符合（CAS命中）,HSF 001（飞书 Wiki）,飞书 Wiki HSF 001 Sheet 源表第 154 行；该 Sheet 仅提供限制项目、具体相关物质和CAS号，没有提供限值、单位、适用范围、豁免或检测方法。
154,155,偶氮化合物及特定偶氮化合物,联苯胺,,92-87-5,92-87-5,已建立CAS映射,不符合（CAS命中）,HSF 001（飞书 Wiki）,飞书 Wiki HSF 001 Sheet 源表第 155 行；该 Sheet 仅提供限制项目、具体相关物质和CAS号，没有提供限值、单位、适用范围、豁免或检测方法。
155,156,偶氮化合物及特定偶氮化合物,4-氨基联苯,,92-67-1,92-67-1,已建立CAS映射,不符合（CAS命中）,HSF 001（飞书 Wiki）,飞书 Wiki HSF 001 Sheet 源表第 156 行；该 Sheet 仅提供限制项目、具体相关物质和CAS号，没有提供限值、单位、适用范围、豁免或检测方法。
156,157,偶氮化合物及特定偶氮化合物,4-氯邻甲苯胺,,95-69-2,95-69-2,已建立CAS映射,不符合（CAS命中）,HSF 001（飞书 Wiki）,飞书 Wiki HSF 001 Sheet 源表第 157 行；该 Sheet 仅提供限制项目、具体相关物质和CAS号，没有提供限值、单位、适用范围、豁免或检测方法。
157,158,偶氮化合物及特定偶氮化合物,2-萘胺,,91-59-8,91-59-8,已建立CAS映射,不符合（CAS命中）,HSF 001（飞书 Wiki）,飞书 Wiki HSF 001 Sheet 源表第 158 行；该 Sheet 仅提供限制项目、具体相关物质和CAS号，没有提供限值、单位、适用范围、豁免或检测方法。
158,159,偶氮化合物及特定偶氮化合物,邻氨基偶氮甲苯,,97-56-3,97-56-3,已建立CAS映射,不符合（CAS命中）,HSF 001（飞书 Wiki）,飞书 Wiki HSF 001 Sheet 源表第 159 行；该 Sheet 仅提供限制项目、具体相关物质和CAS号，没有提供限值、单位、适用范围、豁免或检测方法。
159,160,偶氮化合物及特定偶氮化合物,5-硝基邻甲苯胺,,99-55-8,99-55-8,已建立CAS映射,不符合（CAS命中）,HSF 001（飞书 Wiki）,飞书 Wiki HSF 001 Sheet 源表第 160 行；该 Sheet 仅提供限制项目、具体相关物质和CAS号，没有提供限值、单位、适用范围、豁免或检测方法。
160,161,偶氮化合物及特定偶氮化合物,"4,4'-亚甲基双(2-氯苯胺)",,101-14-4,101-14-4,已建立CAS映射,不符合（CAS命中）,HSF 001（飞书 Wiki）,飞书 Wiki HSF 001 Sheet 源表第 161 行；该 Sheet 仅提供限制项目、具体相关物质和CAS号，没有提供限值、单位、适用范围、豁免或检测方法。
161,162,偶氮化合物及特定偶氮化合物,"4,4'-二氨基二苯甲烷",,101-77-9,101-77-9,已建立CAS映射,不符合（CAS命中）,HSF 001（飞书 Wiki）,飞书 Wiki HSF 001 Sheet 源表第 162 行；该 Sheet 仅提供限制项目、具体相关物质和CAS号，没有提供限值、单位、适用范围、豁免或检测方法。
162,163,偶氮化合物及特定偶氮化合物,"3,3'-二氯联苯胺",,91-94-1,91-94-1,已建立CAS映射,不符合（CAS命中）,HSF 001（飞书 Wiki）,飞书 Wiki HSF 001 Sheet 源表第 163 行；该 Sheet 仅提供限制项目、具体相关物质和CAS号，没有提供限值、单位、适用范围、豁免或检测方法。
163,164,偶氮化合物及特定偶氮化合物,"3,3'-二甲氧基联苯胺",,119-90-4,119-90-4,已建立CAS映射,不符合（CAS命中）,HSF 001（飞书 Wiki）,飞书 Wiki HSF 001 Sheet 源表第 164 行；该 Sheet 仅提供限制项目、具体相关物质和CAS号，没有提供限值、单位、适用范围、豁免或检测方法。
164,165,偶氮化合物及特定偶氮化合物,"3,3'-二甲基联苯胺",,119-93-7,119-93-7,已建立CAS映射,不符合（CAS命中）,HSF 001（飞书 Wiki）,飞书 Wiki HSF 001 Sheet 源表第 165 行；该 Sheet 仅提供限制项目、具体相关物质和CAS号，没有提供限值、单位、适用范围、豁免或检测方法。
165,166,偶氮化合物及特定偶氮化合物,"3,3'-二甲基-4,4'-二氨基二苯甲烷",,838-88-0,838-88-0,已建立CAS映射,不符合（CAS命中）,HSF 001（飞书 Wiki）,飞书 Wiki HSF 001 Sheet 源表第 166 行；该 Sheet 仅提供限制项目、具体相关物质和CAS号，没有提供限值、单位、适用范围、豁免或检测方法。
166,167,偶氮化合物及特定偶氮化合物,对甲酚定,,120-71-8,120-71-8,已建立CAS映射,不符合（CAS命中）,HSF 001（飞书 Wiki）,飞书 Wiki HSF 001 Sheet 源表第 167 行；该 Sheet 仅提供限制项目、具体相关物质和CAS号，没有提供限值、单位、适用范围、豁免或检测方法。
167,168,偶氮化合物及特定偶氮化合物,"4,4'-亚甲基双(2-甲基苯胺)",,838-88-0,838-88-0,已建立CAS映射,不符合（CAS命中）,HSF 001（飞书 Wiki）,飞书 Wiki HSF 001 Sheet 源表第 168 行；该 Sheet 仅提供限制项目、具体相关物质和CAS号，没有提供限值、单位、适用范围、豁免或检测方法。
168,169,偶氮化合物及特定偶氮化合物,邻甲苯胺,,95-53-4,95-53-4,已建立CAS映射,不符合（CAS命中）,HSF 001（飞书 Wiki）,飞书 Wiki HSF 001 Sheet 源表第 169 行；该 Sheet 仅提供限制项目、具体相关物质和CAS号，没有提供限值、单位、适用范围、豁免或检测方法。
169,170,偶氮化合物及特定偶氮化合物,4-甲氧基间苯二胺,,615-05-4,615-05-4,已建立CAS映射,不符合（CAS命中）,HSF 001（飞书 Wiki）,飞书 Wiki HSF 001 Sheet 源表第 170 行；该 Sheet 仅提供限制项目、具体相关物质和CAS号，没有提供限值、单位、适用范围、豁免或检测方法。
170,171,偶氮化合物及特定偶氮化合物,"4,4'-硫代二苯胺",,139-65-1,139-65-1,已建立CAS映射,不符合（CAS命中）,HSF 001（飞书 Wiki）,飞书 Wiki HSF 001 Sheet 源表第 171 行；该 Sheet 仅提供限制项目、具体相关物质和CAS号，没有提供限值、单位、适用范围、豁免或检测方法。
171,172,偶氮化合物及特定偶氮化合物,邻氨基苯甲醚,,90-04-0,90-04-0,已建立CAS映射,不符合（CAS命中）,HSF 001（飞书 Wiki）,飞书 Wiki HSF 001 Sheet 源表第 172 行；该 Sheet 仅提供限制项目、具体相关物质和CAS号，没有提供限值、单位、适用范围、豁免或检测方法。
172,173,甲醛,甲醛,,50-00-0,50-00-0,已建立CAS映射,不符合（CAS命中）,HSF 001（飞书 Wiki）,飞书 Wiki HSF 001 Sheet 源表第 173 行；该 Sheet 仅提供限制项目、具体相关物质和CAS号，没有提供限值、单位、适用范围、豁免或检测方法。
