属性,说明内容
清单标识,afps_gs_2019_01_pak
法规标题,AfPS GS 2019:01 PAK
法规描述,德国 GS 标志产品中多环芳烃（PAK/PAHs）限值清单，按产品接触类别展示。
测试单位,mg/kg
CAS完整性说明,15项PAH单项物质及2项合计限值均包含完整CAS号或多项关联CAS串联
来源信息: feishu_url,https://xcnch7esppuf.feishu.cn/wiki/RKRvwQjK2iPSVxkHMOKcSXfZnsb?from=from_copylink
来源信息: feishu_revision,17
来源信息: feishu_workbook_revision,26
来源信息: official_title,AfPS GS 2019:01 PAK
来源信息: official_url,https://www.baua.de/DE/Die-BAuA/Aufgaben/Geschaeftsfuehrung-von-Ausschuessen/AfPS/pdf/AfPS-GS-2019-01-PAK-EN.pdf?__blob=publicationFile&v=4
法规注释 1,限值数值按来源表保留为小于号表达，单位为 mg/kg。
法规注释 2,本页面用于法规清单只读查看；AfPS 类别适用性需要结合产品预期用途和接触情形判断。
法规注释 3,菲的来源表 CAS 号存在 Excel 日期格式污染，已按标准化学品 CAS 号校正为 85-01-8。
