序号,中文名称,英文名称,CAS号,管控方式,Category 1,Category 2a,Category 2b,Category 3a,Category 3b
1,苯并[a]芘,Benzo[a]pyrene (BaP),50-32-8,单项限值,<0.2,<0.2,<0.5,<0.5,<1
2,苯并[e]芘,Benzo[e]pyrene (BeP),192-97-2,单项限值,<0.2,<0.2,<0.5,<0.5,<1
3,苯并[a]蒽,Benzo[a]anthracene (BaA),56-55-3,单项限值,<0.2,<0.2,<0.5,<0.5,<1
4,苯并[b]荧蒽,Benzo[b]fluoranthene (BbF),205-99-2,单项限值,<0.2,<0.2,<0.5,<0.5,<1
5,苯并[j]荧蒽,Benzo[j]fluoranthene (BjF),205-82-3,单项限值,<0.2,<0.2,<0.5,<0.5,<1
6,苯并[k]荧蒽,Benzo[k]fluoranthene (BkF),207-08-9,单项限值,<0.2,<0.2,<0.5,<0.5,<1
7,䓛（屈）,Chrysene (CHR),218-01-9,单项限值,<0.2,<0.2,<0.5,<0.5,<1
8,"二苯并[a,h]蒽","Dibenzo[a,h]anthracene (DBA)",53-70-3,单项限值,<0.2,<0.2,<0.5,<0.5,<1
9,苯并[ghi]苝,Benzo[ghi]perylene (BPE),191-24-2,单项限值,<0.2,<0.2,<0.5,<0.5,<1
10,"茚并[1,2,3-cd]芘","Indeno[1,2,3-cd]pyrene (IPY)",193-39-5,单项限值,<0.2,<0.2,<0.5,<0.5,<1
11,菲,Phenanthrene (PHE),85-01-8,4项合计,—,—,—,—,—
12,芘,Pyrene (PYR),129-00-0,4项合计,—,—,—,—,—
13,蒽,Anthracene (ANT),120-12-7,4项合计,—,—,—,—,—
14,荧蒽,Fluoranthene (FLT),206-44-0,4项合计,—,—,—,—,—
15,萘,Naphthalene (NAP),91-20-3,单独限值,<1,<2,<2,<10,<10
16,菲 + 芘 + 蒽 + 荧蒽（Σ4 PAHs）,"Sum of phenanthrene, pyrene, anthracene and fluoranthene",85-01-8；129-00-0；120-12-7；206-44-0,4项合计,<1,<5,<10,<20,<50
17,15项 PAHs 总和（Σ15 PAHs）,Sum of all 15 PAHs,50-32-8；192-97-2；56-55-3；205-99-2；205-82-3；207-08-9；218-01-9；53-70-3；191-24-2；193-39-5；85-01-8；129-00-0；120-12-7；206-44-0；91-20-3,15项合计,<1,<5,<10,<20,<50
