序号,所属法规/标准清单,所在工作表,条目/记录ID,物质中文名称,物质英文名称,原始CAS状态/记录,补全后标准CAS号,补全依据与权威说明
1,REACH SVHC 候选清单,物质全量清单(含组成员),7,重铬酸钠,Sodium dichromate,空 / 未标识,10588-01-9 (无水) / 7789-12-0 (二水),基于 ECHA 官方条目官方母体物质/基准代表CAS补全
2,REACH SVHC 候选清单,物质全量清单(含组成员),10,六溴环十二烷（HBCDD）,Hexabromocyclododecane (HBCDD),空 / 未标识,25637-99-4 / 3194-55-6,基于 ECHA 官方条目官方母体物质/基准代表CAS补全
3,REACH SVHC 候选清单,物质全量清单(含组成员),30,硼酸,Boric acid,空 / 未标识,10043-35-3 / 11113-50-1,基于 ECHA 官方条目官方母体物质/基准代表CAS补全
4,REACH SVHC 候选清单,物质全量清单(含组成员),31,无水四硼酸二钠,"Disodium tetraborate, anhydrous",空 / 未标识,1330-43-4 / 1303-96-4,基于 ECHA 官方条目官方母体物质/基准代表CAS补全
5,REACH SVHC 候选清单,物质全量清单(含组成员),44,铬酸,Chromic acid,空 / 未标识,7738-94-5 / 13530-68-2,基于 ECHA 官方条目官方母体物质/基准代表CAS补全
6,REACH SVHC 候选清单,物质全量清单(含组成员),48,无水肼,"Hydrazine, anhydrous",空 / 未标识,302-01-2,基于 ECHA 官方条目官方母体物质/基准代表CAS补全
7,REACH SVHC 候选清单,物质全量清单(含组成员),67,耐火材料纤维，铝硅酸盐,"Refractories, fibers, aluminosilicate",空 / 未标识,142844-00-6,基于 ECHA 官方条目官方母体物质/基准代表CAS补全
8,REACH SVHC 候选清单,物质全量清单(含组成员),68,耐火材料纤维，铝硅酸盐,"Refractories, fibers, aluminosilicate",空 / 未标识,142844-00-6,基于 ECHA 官方条目官方母体物质/基准代表CAS补全
9,REACH SVHC 候选清单,物质全量清单(含组成员),91,"环己烷-1,2-二羧酸酐","Cyclohexane-1,2-dicarboxylic anhydride",空 / 未标识,85-42-7 / 13149-00-3 / 14166-21-3,基于 ECHA 官方条目官方母体物质/基准代表CAS补全
10,REACH SVHC 候选清单,物质全量清单(含组成员),92,六氢-4-甲基邻苯二甲酸酐,Hexahydro-4-methylphthalic anhydride,空 / 未标识,19438-60-9 / 48122-14-1,基于 ECHA 官方条目官方母体物质/基准代表CAS补全
11,REACH SVHC 候选清单,物质全量清单(含组成员),93,4-壬基苯酚（支链和直链）,"Phenol, 4-nonyl-, branched",空 / 未标识,84852-15-3 / 104-40-5,基于 ECHA 官方条目官方母体物质/基准代表CAS补全
12,REACH SVHC 候选清单,物质全量清单(含组成员),94,4-叔辛基苯酚乙氧基化物,4-tert-Octylphenol monoethoxylate,空 / 未标识,9002-93-1 / 9036-19-5,基于 ECHA 官方条目官方母体物质/基准代表CAS补全
13,REACH SVHC 候选清单,物质全量清单(含组成员),144,4-壬基苯酚（支链和直链）乙氧基化物,"2-{2-[4-(3,6-dimethylheptan-3-yl)phenoxy]ethoxy}ethanol",空 / 未标识,9016-45-9 / 26027-38-3,基于 ECHA 官方条目官方母体物质/基准代表CAS补全
14,REACH SVHC 候选清单,物质全量清单(含组成员),155,过硼酸钠及其盐,Sodium perborate monohydrate,空 / 未标识,15120-21-5 / 11138-47-9 / 7632-04-4,基于 ECHA 官方条目官方母体物质/基准代表CAS补全
15,REACH SVHC 候选清单,物质全量清单(含组成员),157,硫酸镉,Cadmium sulphate,空 / 未标识,10124-36-4 / 31119-53-6,基于 ECHA 官方条目官方母体物质/基准代表CAS补全
16,REACH SVHC 候选清单,物质全量清单(含组成员),161,DOTE（有机锡化合物）,DOTE,空 / 未标识,15571-58-1,基于 ECHA 官方条目官方母体物质/基准代表CAS补全
17,REACH SVHC 候选清单,物质全量清单(含组成员),162,邻苯二甲酸二(C6-10)烷基酯,Di-C6-10 alkyl phthalates,空 / 未标识,68515-51-5 / 68648-93-1,基于 ECHA 官方条目官方母体物质/基准代表CAS补全
18,REACH SVHC 候选清单,物质全量清单(含组成员),163,"Karana 1,3-二噁烷异构体组","1,3-Dioxane, 2-(2,4-dimethyl-3-cyclohexen-1-yl)-5-methyl-5-(1-methylpropyl)-",空 / 未标识,117933-89-8,基于 ECHA 官方条目官方母体物质/基准代表CAS补全
19,REACH SVHC 候选清单,物质全量清单(含组成员),168,全氟壬酸（PFNA）,PFNA,空 / 未标识,375-95-1 / 21049-39-8 / 4149-60-4,基于 ECHA 官方条目官方母体物质/基准代表CAS补全
20,REACH SVHC 候选清单,物质全量清单(含组成员),171,全氟癸酸（PFDA）,PFDA,空 / 未标识,335-76-2 / 3830-45-3 / 3108-42-7,基于 ECHA 官方条目官方母体物质/基准代表CAS补全
21,REACH SVHC 候选清单,物质全量清单(含组成员),173,4-庚基苯酚,4-heptylphenol,空 / 未标识,1987-50-4 / 72624-02-3,基于 ECHA 官方条目官方母体物质/基准代表CAS补全
22,REACH SVHC 候选清单,物质全量清单(含组成员),174,全氟己烷磺酸及其盐（染料盐）,Perfluorohexane-1-sulphonic acid,空 / 未标识,355-46-4 / 3871-99-6,基于 ECHA 官方条目官方母体物质/基准代表CAS补全
23,REACH SVHC 候选清单,物质全量清单(含组成员),180,得克隆Plus（Dechlorane Plus）,Dechlorane Plus,空 / 未标识,13560-89-9 / 135821-03-3 / 135821-74-8,基于 ECHA 官方条目官方母体物质/基准代表CAS补全
24,REACH SVHC 候选清单,物质全量清单(含组成员),181,"1,3,4-噻二唑烷-2,5-二硫酮、甲醛和4-庚基苯酚的反应产物（RP-HP）","Reaction product of 1,3,4-thiadiazolidine-2,5-dithione, formaldehyde and phenol, heptyl derivatives",空 / 未标识,1471311-26-8 / 93925-00-9,基于 ECHA 官方条目官方母体物质/基准代表CAS补全
25,REACH SVHC 候选清单,物质全量清单(含组成员),199,三(4-壬基苯基)亚磷酸酯（TNPP，含≥0.1% 4-NP）,Tris(nonylphenyl) phosphite,空 / 未标识,26523-78-4,基于 ECHA 官方条目官方母体物质/基准代表CAS补全
26,REACH SVHC 候选清单,物质全量清单(含组成员),200,"2,3,3,3-四氟-2-(七氟丙氧基)丙酸（HFPO-DA）",HFPO-DA acid,空 / 未标识,13252-13-6 / 62037-80-3,基于 ECHA 官方条目官方母体物质/基准代表CAS补全
27,REACH SVHC 候选清单,物质全量清单(含组成员),205,全氟丁烷磺酸及其盐（PFBS）,Perfluorobutane-1-sulphonic acid,空 / 未标识,375-73-5 / 29420-49-3,基于 ECHA 官方条目官方母体物质/基准代表CAS补全
28,REACH SVHC 候选清单,物质全量清单(含组成员),211,二辛基锡二月桂酸酯,Dioctyltin dilaurate,空 / 未标识,3648-18-8 / 91648-39-4,基于 ECHA 官方条目官方母体物质/基准代表CAS补全
29,REACH SVHC 候选清单,物质全量清单(含组成员),213,"BMP/TBNPA/2,3-DBPA组合条目","2,2-Bis(bromomethyl)propane-1,3-diol (BMP)",空 / 未标识,3296-90-0 (BMP) / 36483-57-5 (TBNPA),基于 ECHA 官方条目官方母体物质/基准代表CAS补全
30,REACH SVHC 候选清单,物质全量清单(含组成员),214,2-(4-叔丁基苄基)丙醛,2-(4-tert-Butylbenzyl)propionaldehyde,空 / 未标识,80-54-6 / 75166-30-2,基于 ECHA 官方条目官方母体物质/基准代表CAS补全
31,REACH SVHC 候选清单,物质全量清单(含组成员),217,中链氯化石蜡（MCCP）,"Alkanes, C14-17, chloro",空 / 未标识,85535-85-9 / 198840-65-2,基于 ECHA 官方条目官方母体物质/基准代表CAS补全
32,REACH SVHC 候选清单,物质全量清单(含组成员),218,原硼酸钠盐,"Orthoboric acid, sodium salt",空 / 未标识,13840-56-7 / 14312-40-4,基于 ECHA 官方条目官方母体物质/基准代表CAS补全
33,REACH SVHC 候选清单,物质全量清单(含组成员),219,苯酚烷基化产物（主要为支链十二烷基苯酚，PDDP）,"Phenol, dodecyl-, branched",空 / 未标识,121158-58-5 / 74499-35-7,基于 ECHA 官方条目官方母体物质/基准代表CAS补全
34,REACH SVHC 候选清单,物质全量清单(含组成员),220,4-甲基亚苄基樟脑（4-MBC）,4-Methylbenzylidene camphor,空 / 未标识,36861-47-9 / 25812-37-3,基于 ECHA 官方条目官方母体物质/基准代表CAS补全
35,REACH SVHC 候选清单,物质全量清单(含组成员),229,四溴邻苯二甲酸双(2-乙基己基)酯,Bis(2-ethylhexyl) tetrabromophthalate,空 / 未标识,26040-51-7,基于 ECHA 官方条目官方母体物质/基准代表CAS补全
36,REACH SVHC 候选清单,物质全量清单(含组成员),232,全氟庚酸,Perfluoroheptanoic acid,空 / 未标识,375-85-9 / 20109-59-5,基于 ECHA 官方条目官方母体物质/基准代表CAS补全
37,REACH SVHC 候选清单,物质全量清单(含组成员),233,全氟-N-异丙基吗啉,"2,2,3,3,5,5,6,6-octafluoro-4-(1,1,1,2,3,3,3-heptafluoropropan-2-yl)morpholine",空 / 未标识,382-57-0 / 1600-71-1,基于 ECHA 官方条目官方母体物质/基准代表CAS补全
38,REACH SVHC 候选清单,物质全量清单(含组成员),240,甲基苯乙烯化苯酚（OAPP历史标识物）,"Phenol, methylstyrenated (historical identifier for OAPP)",空 / 未标识,68512-30-1,基于 ECHA 官方条目官方母体物质/基准代表CAS补全
39,REACH SVHC 候选清单,物质全量清单(含组成员),252,苯、氯气和二硫化碳与双酚AF的反应产物,Bisphenol AF (BPAF),空 / 未标识,1478-61-1,基于 ECHA 官方条目官方母体物质/基准代表CAS补全
40,REACH SVHC 候选清单,无明确标识条目(22项),Missing-1,4-甲基亚苄基樟脑（4-MBC）及其单个立体异构体和/或组合,"(±)-1,7,7-trimethyl-3-[(4-methylphenyl)methylene]bicyclo[2.2.1]heptan-2-one covering any of the individual isomers and/or combinations thereof (4-MBC)",官方清单未指定单一CAS,36861-47-9 / 25812-37-3,官方第32批评议决议及物质评定卷宗核心组分CAS
41,REACH SVHC 候选清单,无明确标识条目(22项),Missing-2,邻苯二甲酸二(C6-10)烷基酯，或癸基、己基和辛基混合二酯,"1,2-benzenedicarboxylic acid, di-C6-10-alkyl esters or mixed decyl and hexyl and octyl diesters",官方清单未指定单一CAS,68515-51-5 / 68648-93-1,官方第32批评议决议及物质评定卷宗核心组分CAS
42,REACH SVHC 候选清单,无明确标识条目(22项),Missing-3,德克隆Plus（Dechlorane Plus）及其相关异构体和组合,"1,6,7,8,9,14,15,16,17,17,18,18-Dodecachloropentacyclo[12.2.1.16,9.02,13.05,10]octadeca-7,15-diene (“Dechlorane Plus”™)",官方清单未指定单一CAS,13560-89-9 / 135821-03-3 / 135821-74-8,官方第32批评议决议及物质评定卷宗核心组分CAS
43,REACH SVHC 候选清单,无明确标识条目(22项),Missing-4,"4,4'-[2,2,2-三氟-1-(三氟甲基)亚乙基]二酚及其盐类","4,4'-[2,2,2-trifluoro-1-(trifluoromethyl)ethylidene]diphenol and its salts",官方清单未指定单一CAS,1478-61-1,官方第32批评议决议及物质评定卷宗核心组分CAS
44,REACH SVHC 候选清单,无明确标识条目(22项),Missing-5,"4,4'-氧二苯胺及其盐类","4,4'-oxydianiline and its salts",官方清单未指定单一CAS,101-80-4,官方第32批评议决议及物质评定卷宗核心组分CAS
45,REACH SVHC 候选清单,无明确标识条目(22项),Missing-6,4-庚基苯酚，支链和直链,"4-heptylphenol, branched and linear",官方清单未指定单一CAS,1987-50-4 / 72624-02-3,官方第32批评议决议及物质评定卷宗核心组分CAS
46,REACH SVHC 候选清单,无明确标识条目(22项),Missing-7,4-壬基苯酚，支链和直链,"4-Nonylphenol, branched and linear",官方清单未指定单一CAS,84852-15-3 / 104-40-5,官方第32批评议决议及物质评定卷宗核心组分CAS
47,REACH SVHC 候选清单,无明确标识条目(22项),Missing-8,"5-仲丁基-2-(2,4-二甲基环己-3-烯-1-基)-5-甲基-1,3-二噁烷及其异构体","5-sec-butyl-2-(2,4-dimethylcyclohex-3-en-1-yl)-5-methyl-1,3-dioxane [1], 5-sec-butyl-2-(4,6-dimethylcyclohex-3-en-1-yl)-5-methyl-1,3-dioxane [2]",官方清单未指定单一CAS,117933-89-8,官方第32批评议决议及物质评定卷宗核心组分CAS
48,REACH SVHC 候选清单,无明确标识条目(22项),Missing-9,三氧化铬及其低聚物产生的酸类,Acids generated from chromium trioxide and their oligomers,官方清单未指定单一CAS,7738-94-5 (铬酸) / 13530-68-2 (重铬酸),官方第32批评议决议及物质评定卷宗核心组分CAS
49,REACH SVHC 候选清单,无明确标识条目(22项),Missing-10,铝硅酸盐耐火陶瓷纤维,Aluminosilicate Refractory Ceramic Fibres,官方清单未指定单一CAS,142844-00-6,官方第32批评议决议及物质评定卷宗核心组分CAS
50,REACH SVHC 候选清单,无明确标识条目(22项),Missing-11,四溴邻苯二甲酸双(2-乙基己基)酯，包含任一单个异构体和/或组合,bis(2-ethylhexyl) tetrabromophthalate covering any of the individual isomers and/or combinations thereof,官方清单未指定单一CAS,26040-51-7,官方第32批评议决议及物质评定卷宗核心组分CAS
51,REACH SVHC 候选清单,无明确标识条目(22项),Missing-12,硼酸,Boric acid,官方清单未指定单一CAS,10043-35-3 / 11113-50-1,官方第32批评议决议及物质评定卷宗核心组分CAS
52,REACH SVHC 候选清单,无明确标识条目(22项),Missing-13,"环己烷-1,2-二羧酸酐","Cyclohexane-1,2-dicarboxylic anhydride",官方清单未指定单一CAS,85-42-7 / 13149-00-3 / 14166-21-3,官方第32批评议决议及物质评定卷宗核心组分CAS
53,REACH SVHC 候选清单,无明确标识条目(22项),Missing-14,六溴环十二烷（HBCDD）及其主要非对映异构体,Hexabromocyclododecane (HBCDD),官方清单未指定单一CAS,25637-99-4 / 3194-55-6,官方第32批评议决议及物质评定卷宗核心组分CAS
54,REACH SVHC 候选清单,无明确标识条目(22项),Missing-15,六氢甲基邻苯二甲酸酐,Hexahydromethylphthalic anhydride,官方清单未指定单一CAS,25550-51-0 / 19438-60-9,官方第32批评议决议及物质评定卷宗核心组分CAS
55,REACH SVHC 候选清单,无明确标识条目(22项),Missing-16,全氟癸酸（PFDA）及其钠盐和铵盐,Nonadecafluorodecanoic acid (PFDA) and its sodium and ammonium salts,官方清单未指定单一CAS,335-76-2 / 3830-45-3 / 3108-42-7,官方第32批评议决议及物质评定卷宗核心组分CAS
56,REACH SVHC 候选清单,无明确标识条目(22项),Missing-17,全氟庚酸及其盐类,Perfluoroheptanoic acid and its salts,官方清单未指定单一CAS,375-85-9 / 20109-59-5,官方第32批评议决议及物质评定卷宗核心组分CAS
57,REACH SVHC 候选清单,无明确标识条目(22项),Missing-18,全氟己烷-1-磺酸及其盐类,Perfluorohexane-1-sulphonic acid and its salts,官方清单未指定单一CAS,355-46-4 / 3871-99-6,官方第32批评议决议及物质评定卷宗核心组分CAS
58,REACH SVHC 候选清单,无明确标识条目(22项),Missing-19,全氟壬酸及其钠盐和铵盐,Perfluorononan-1-oic-acid and its sodium and ammonium salts,官方清单未指定单一CAS,375-95-1 / 21049-39-8 / 4149-60-4,官方第32批评议决议及物质评定卷宗核心组分CAS
59,REACH SVHC 候选清单,无明确标识条目(22项),Missing-20,"1,3,4-噻二唑烷-2,5-二硫酮、甲醛和4-庚基苯酚（支链和直链）的反应产物（RP-HP）","Reaction products of 1,3,4-thiadiazolidine-2,5-dithione, formaldehyde and 4-heptylphenol, branched and linear (RP-HP)",官方清单未指定单一CAS,1471311-26-8 / 93925-00-9,官方第32批评议决议及物质评定卷宗核心组分CAS
60,REACH SVHC 候选清单,无明确标识条目(22项),Missing-21,过硼酸钠（过硼酸、钠盐）,"Sodium perborate, perboric acid, sodium salt",官方清单未指定单一CAS,15120-21-5 / 11138-47-9 / 7632-04-4,官方第32批评议决议及物质评定卷宗核心组分CAS
61,REACH SVHC 候选清单,无明确标识条目(22项),Missing-22,氧化锆铝硅酸盐耐火陶瓷纤维,Zirconia Aluminosilicate Refractory Ceramic Fibres,官方清单未指定单一CAS,142844-00-6,官方第32批评议决议及物质评定卷宗核心组分CAS
62,欧盟 RoHS 2.0 清单,RoHS受限物质清单(160条),Seq-1,铅及其化合物,Lead and its compounds,空 / 未标识,7439-92-1 (单质铅及基准化合物),RoHS指令代表性管控基准CAS（重金属类别代表化合物）
63,欧盟 RoHS 2.0 清单,RoHS受限物质清单(160条),Seq-3,汞及其化合物,Mercury and its compounds,空 / 未标识,7439-97-6 (单质汞及基准化合物),RoHS指令代表性管控基准CAS（重金属类别代表化合物）
64,欧盟 RoHS 2.0 清单,RoHS受限物质清单(160条),Seq-5,镉及其化合物,Cadmium and its compounds,空 / 未标识,7440-43-9 (单质镉及基准化合物),RoHS指令代表性管控基准CAS（重金属类别代表化合物）
65,欧盟 RoHS 2.0 清单,RoHS受限物质清单(160条),Seq-7,六价铬化合物,Hexavalent chromium compounds,空 / 未标识,18540-29-9 (六价铬离子/基准化合物),RoHS指令代表性管控基准CAS（重金属类别代表化合物）
66,欧盟 RoHS 2.0 清单,RoHS受限物质清单(160条),Seq-9,多溴联苯,PBBs - Polybrominated biphenyls,空 / 未标识,59536-65-1 (PBBs混合物CAS),RoHS指令代表性管控基准CAS（阻燃剂类别代表化合物）
67,欧盟 RoHS 2.0 清单,RoHS受限物质清单(160条),Seq-18,多溴二苯醚,PBDEs - Polybrominated diphenyl ethers,空 / 未标识,1163-19-5 (十溴二苯醚等代表性CAS),RoHS指令代表性管控基准CAS（阻燃剂类别代表化合物）
68,HSF-001 有害物质清单,HSF-001有害物质清单(172条),Seq-63,联苯的多溴化物组,,源表CAS为: 多个CAS,59536-65-1 (多溴联苯 PBBs类别CAS),基于企业有害物质控制规范与国际通用化学品标准补全
69,HSF-001 有害物质清单,HSF-001有害物质清单(172条),Seq-93,多氯萘,,源表CAS为: 多个CAS,70776-03-3 (PCNs混合物基准CAS),基于企业有害物质控制规范与国际通用化学品标准补全
70,BSBL 限制物质清单 v8.0,BSBL受限物质总表(1726条),ID-4,壬基酚聚氧乙烯醚（NPEO）,Nonylphenol ethoxylates (NPEO),原始值: 'Several' (标准CAS为空),9016-45-9 / 26027-38-3,基于 BSBL Alkylphenolethoxylates (APEOs)｜烷基酚聚氧乙烯醚 类别定义及化学母体/代表性化合物补全
71,BSBL 限制物质清单 v8.0,BSBL受限物质总表(1726条),ID-5,辛基酚聚氧乙烯醚（OPEO）,Octylphenol ethoxylates (OPEO),原始值: 'Several' (标准CAS为空),9002-93-1 / 9036-19-5,基于 BSBL Alkylphenolethoxylates (APEOs)｜烷基酚聚氧乙烯醚 类别定义及化学母体/代表性化合物补全
72,BSBL 限制物质清单 v8.0,BSBL受限物质总表(1726条),ID-8,4-庚基苯酚（支链和直链）,"4-Heptylphenol, branched and linear",原始值: 'Several' (标准CAS为空),1987-50-4 / 72624-02-3,基于 BSBL Alkylphenols (APs)｜烷基酚 类别定义及化学母体/代表性化合物补全
73,BSBL 限制物质清单 v8.0,BSBL受限物质总表(1726条),ID-9,辛基酚（OP），混合异构体,"Octylphenol (OP), mixed isomers",原始值: 'Several' (标准CAS为空),27193-28-8 / 140-66-9,基于 BSBL Alkylphenols (APs)｜烷基酚 类别定义及化学母体/代表性化合物补全
74,BSBL 限制物质清单 v8.0,BSBL受限物质总表(1726条),ID-10,壬基酚（NP），混合异构体,"Nonylphenol (NP), mixed isomers",原始值: 'Several' (标准CAS为空),25154-52-3 / 84852-15-3 / 104-40-5,基于 BSBL Alkylphenols (APs)｜烷基酚 类别定义及化学母体/代表性化合物补全
75,BSBL 限制物质清单 v8.0,BSBL受限物质总表(1726条),ID-13,可裂解生成 AEEA 的 AEEA 脂肪酸缩合产物,Fatty acid condensation products with AEEA which may cleave to AEEA,原始值: '—' (标准CAS为空),111-41-1 (AEEA母体),基于 BSBL Amines（胺类） 类别定义及化学母体/代表性化合物补全
76,BSBL 限制物质清单 v8.0,BSBL受限物质总表(1726条),ID-18,苯胺及其盐和化合物,"Anilines, its salts and compounds",原始值: 'Several' (标准CAS为空),62-53-3,基于 BSBL Amines（胺类） 类别定义及化学母体/代表性化合物补全
77,BSBL 限制物质清单 v8.0,BSBL受限物质总表(1726条),ID-20,"2,5-二氨基甲苯及其盐","2,5-Diaminotoluene and its salts",原始值: 'Several' (标准CAS为空),95-70-5 (母体) / 615-50-9 (硫酸盐),基于 BSBL Amines（胺类） 类别定义及化学母体/代表性化合物补全
78,BSBL 限制物质清单 v8.0,BSBL受限物质总表(1726条),ID-23,苯二胺及其盐,Phenylenediamines and its salts,原始值: 'Several' (标准CAS为空),106-50-3 (对苯二胺) / 95-54-5 (邻苯二胺),基于 BSBL Amines（胺类） 类别定义及化学母体/代表性化合物补全
79,BSBL 限制物质清单 v8.0,BSBL受限物质总表(1726条),ID-24,对苯二胺及其盐,p-Phenylenediamine and its salts,原始值: 'Several' (标准CAS为空),106-50-3,基于 BSBL Amines（胺类） 类别定义及化学母体/代表性化合物补全
80,BSBL 限制物质清单 v8.0,BSBL受限物质总表(1726条),ID-27,芳香胺,Arylamines,原始值: 'Several' (标准CAS为空),62-53-3 (类目基准),基于 BSBL Arylamines（芳香胺） 类别定义及化学母体/代表性化合物补全
81,BSBL 限制物质清单 v8.0,BSBL受限物质总表(1726条),ID-28,邻氨基偶氮甲苯及其盐,o-Aminoazotoluene and its salts,原始值: 'Several' (标准CAS为空),97-56-3,基于 BSBL Arylamines（芳香胺） 类别定义及化学母体/代表性化合物补全
82,BSBL 限制物质清单 v8.0,BSBL受限物质总表(1726条),ID-29,对氨基偶氮苯及其盐,p-Aminoazobenzene and its salts,原始值: 'Several' (标准CAS为空),60-09-3,基于 BSBL Arylamines（芳香胺） 类别定义及化学母体/代表性化合物补全
83,BSBL 限制物质清单 v8.0,BSBL受限物质总表(1726条),ID-30,4-氨基联苯及其盐,4-Aminobiphenyl and its salts,原始值: 'Several' (标准CAS为空),92-67-1 / 2113-61-3 (盐酸盐),基于 BSBL Arylamines（芳香胺） 类别定义及化学母体/代表性化合物补全
84,BSBL 限制物质清单 v8.0,BSBL受限物质总表(1726条),ID-31,6-氨基-2-乙氧基萘及其盐,6-Amino-2-ethoxynaphthalene and its salts,原始值: 'Several' (标准CAS为空),293733-21-8,基于 BSBL Arylamines（芳香胺） 类别定义及化学母体/代表性化合物补全
85,BSBL 限制物质清单 v8.0,BSBL受限物质总表(1726条),ID-32,4-氨基-3-氟苯酚及其盐,4-Amino-3-fluorophenol and its salts,原始值: 'Several' (标准CAS为空),399-95-1,基于 BSBL Arylamines（芳香胺） 类别定义及化学母体/代表性化合物补全
86,BSBL 限制物质清单 v8.0,BSBL受限物质总表(1726条),ID-33,4-氯苯胺及其盐,4-Chloroaniline and its salts,原始值: 'Several' (标准CAS为空),106-47-8 / 20265-96-7 (盐酸盐),基于 BSBL Arylamines（芳香胺） 类别定义及化学母体/代表性化合物补全
87,BSBL 限制物质清单 v8.0,BSBL受限物质总表(1726条),ID-34,"2,4-二氨基苯甲醚及其盐","2,4-Diaminoanisole and its salts",原始值: 'Several' (标准CAS为空),615-05-4 / 39156-41-7 (硫酸盐),基于 BSBL Arylamines（芳香胺） 类别定义及化学母体/代表性化合物补全
88,BSBL 限制物质清单 v8.0,BSBL受限物质总表(1726条),ID-35,"4,4′-二氨基二苯甲烷及其盐","4,4'-Diaminodiphenylmethane and its salts",原始值: 'Several' (标准CAS为空),101-77-9 / 13552-44-8 (二盐酸盐),基于 BSBL Arylamines（芳香胺） 类别定义及化学母体/代表性化合物补全
89,BSBL 限制物质清单 v8.0,BSBL受限物质总表(1726条),ID-36,"2,4-二氨基甲苯及其盐","2,4-Diaminotoluene and its salts",原始值: 'Several' (标准CAS为空),95-80-7 / 636-23-7 (二盐酸盐),基于 BSBL Arylamines（芳香胺） 类别定义及化学母体/代表性化合物补全
90,BSBL 限制物质清单 v8.0,BSBL受限物质总表(1726条),ID-37,"4,4′-亚甲基双(2-氯苯胺)及其盐","4,4'-Methylenebis-(2-chloraniline) and its salts",原始值: 'Several' (标准CAS为空),101-14-4,基于 BSBL Arylamines（芳香胺） 类别定义及化学母体/代表性化合物补全
91,BSBL 限制物质清单 v8.0,BSBL受限物质总表(1726条),ID-38,2-萘胺及其盐,2-Naphthylamine and its salts,原始值: 'Several' (标准CAS为空),91-59-8 / 612-52-2 (盐酸盐) / 553-00-4 (乙酸盐),基于 BSBL Arylamines（芳香胺） 类别定义及化学母体/代表性化合物补全
92,BSBL 限制物质清单 v8.0,BSBL受限物质总表(1726条),ID-39,邻甲氧基苯胺及其盐,2-Anisidine and its salts,原始值: 'Several' (标准CAS为空),90-04-0 / 134-29-2 (盐酸盐),基于 BSBL Arylamines（芳香胺） 类别定义及化学母体/代表性化合物补全
93,BSBL 限制物质清单 v8.0,BSBL受限物质总表(1726条),ID-40,联苯胺及其盐,Benzidine and its salts,原始值: 'Several' (标准CAS为空),92-87-5 / 531-85-1 (二盐酸盐) / 531-86-2 (硫酸盐),基于 BSBL Arylamines（芳香胺） 类别定义及化学母体/代表性化合物补全
94,BSBL 限制物质清单 v8.0,BSBL受限物质总表(1726条),ID-41,"3,3′-二甲基联苯胺及其盐","3,3'-Dimethylbenzidine and its salts",原始值: 'Several' (标准CAS为空),119-93-7 / 612-82-8 (二盐酸盐),基于 BSBL Arylamines（芳香胺） 类别定义及化学母体/代表性化合物补全
95,BSBL 限制物质清单 v8.0,BSBL受限物质总表(1726条),ID-42,"3,3′-二氯联苯胺及其盐","3,3'-Dichlorobenzidine and its salts",原始值: 'Several' (标准CAS为空),91-94-1 / 612-83-9 (二盐酸盐),基于 BSBL Arylamines（芳香胺） 类别定义及化学母体/代表性化合物补全
96,BSBL 限制物质清单 v8.0,BSBL受限物质总表(1726条),ID-43,邻联茴香胺及其盐,o-Dianisidines and its salts,原始值: 'Several' (标准CAS为空),119-90-4 / 20325-40-0 (二盐酸盐),基于 BSBL Arylamines（芳香胺） 类别定义及化学母体/代表性化合物补全
97,BSBL 限制物质清单 v8.0,BSBL受限物质总表(1726条),ID-44,二氨基联苯及其盐,Dianilines and its salts,原始值: 'Several' (标准CAS为空),92-87-5,基于 BSBL Arylamines（芳香胺） 类别定义及化学母体/代表性化合物补全
98,BSBL 限制物质清单 v8.0,BSBL受限物质总表(1726条),ID-45,"4,4′-二氨基二苯醚及其盐","4,4'-Oxydianiline and its salts",原始值: 'Several' (标准CAS为空),101-80-4,基于 BSBL Arylamines（芳香胺） 类别定义及化学母体/代表性化合物补全
99,BSBL 限制物质清单 v8.0,BSBL受限物质总表(1726条),ID-46,"4,4′-硫代二苯胺及其盐","4,4'-Thiodianiline and its salts",原始值: 'Several' (标准CAS为空),139-65-1,基于 BSBL Arylamines（芳香胺） 类别定义及化学母体/代表性化合物补全
100,BSBL 限制物质清单 v8.0,BSBL受限物质总表(1726条),ID-47,甲苯胺及其盐,Toluidines and its salts,原始值: 'Several' (标准CAS为空),95-53-4 (邻) / 106-49-0 (对) / 108-44-1 (间),基于 BSBL Arylamines（芳香胺） 类别定义及化学母体/代表性化合物补全
101,BSBL 限制物质清单 v8.0,BSBL受限物质总表(1726条),ID-48,对甲氧基间甲苯胺及其盐,p-Cresidine and its salts,原始值: 'Several' (标准CAS为空),120-71-8,基于 BSBL Arylamines（芳香胺） 类别定义及化学母体/代表性化合物补全
102,BSBL 限制物质清单 v8.0,BSBL受限物质总表(1726条),ID-49,间甲苯胺及其盐,m-Toluidine and its salts,原始值: 'Several' (标准CAS为空),108-44-1 / 638-03-9 (盐酸盐),基于 BSBL Arylamines（芳香胺） 类别定义及化学母体/代表性化合物补全
103,BSBL 限制物质清单 v8.0,BSBL受限物质总表(1726条),ID-50,邻甲苯胺及其盐,o-Toluidine and its salts,原始值: 'Several' (标准CAS为空),95-53-4 / 636-21-5 (盐酸盐),基于 BSBL Arylamines（芳香胺） 类别定义及化学母体/代表性化合物补全
104,BSBL 限制物质清单 v8.0,BSBL受限物质总表(1726条),ID-51,对甲苯胺及其盐,p-Toluidine and its salts,原始值: 'Several' (标准CAS为空),106-49-0 / 540-23-8 (盐酸盐),基于 BSBL Arylamines（芳香胺） 类别定义及化学母体/代表性化合物补全
105,BSBL 限制物质清单 v8.0,BSBL受限物质总表(1726条),ID-52,"4,4′-亚甲基二邻甲苯胺及其盐","4,4'-Methylenedi-o-toluidine and its salts",原始值: 'Several' (标准CAS为空),838-88-0,基于 BSBL Arylamines（芳香胺） 类别定义及化学母体/代表性化合物补全
106,BSBL 限制物质清单 v8.0,BSBL受限物质总表(1726条),ID-53,硝基甲苯胺及其盐,Nitrotoluidines and its salts,原始值: 'Several' (标准CAS为空),99-55-8 (2-氨基-4-硝基甲苯基准),基于 BSBL Arylamines（芳香胺） 类别定义及化学母体/代表性化合物补全
107,BSBL 限制物质清单 v8.0,BSBL受限物质总表(1726条),ID-54,2-氨基-4-硝基甲苯及其盐,2-Amino-4-nitrotoluene and its salts,原始值: 'Several' (标准CAS为空),99-55-8,基于 BSBL Arylamines（芳香胺） 类别定义及化学母体/代表性化合物补全
108,BSBL 限制物质清单 v8.0,BSBL受限物质总表(1726条),ID-55,氯甲苯胺及其盐,Chlorotoluidines and its salts,原始值: 'Several' (标准CAS为空),95-69-2 (4-氯-2-甲苯胺基准),基于 BSBL Arylamines（芳香胺） 类别定义及化学母体/代表性化合物补全
109,BSBL 限制物质清单 v8.0,BSBL受限物质总表(1726条),ID-56,4-氯-2-甲苯胺及其盐,4-Chloro-2-toluidine and its salts,原始值: 'Several' (标准CAS为空),95-69-2 / 3165-93-3 (盐酸盐),基于 BSBL Arylamines（芳香胺） 类别定义及化学母体/代表性化合物补全
110,BSBL 限制物质清单 v8.0,BSBL受限物质总表(1726条),ID-57,三甲基苯胺及其盐,Trimethylanilines and its salts,原始值: 'Several' (标准CAS为空),"137-17-7 (2,4,5-三甲基苯胺基准)",基于 BSBL Arylamines（芳香胺） 类别定义及化学母体/代表性化合物补全
111,BSBL 限制物质清单 v8.0,BSBL受限物质总表(1726条),ID-58,"2,4,5-三甲基苯胺及其盐","2,4,5-Trimethylaniline and its salts",原始值: 'Several' (标准CAS为空),137-17-7 / 21436-97-5 (盐酸盐),基于 BSBL Arylamines（芳香胺） 类别定义及化学母体/代表性化合物补全
112,BSBL 限制物质清单 v8.0,BSBL受限物质总表(1726条),ID-59,二甲基苯胺及其盐,Xylidines and its salts,原始值: 'Several' (标准CAS为空),"95-68-1 (2,4-二甲基苯胺基准)",基于 BSBL Arylamines（芳香胺） 类别定义及化学母体/代表性化合物补全
113,BSBL 限制物质清单 v8.0,BSBL受限物质总表(1726条),ID-60,"2,4-二甲基苯胺及其盐","2,4-Xylidine and its salts",原始值: 'Several' (标准CAS为空),95-68-1 / 21436-96-4 (盐酸盐),基于 BSBL Arylamines（芳香胺） 类别定义及化学母体/代表性化合物补全
114,BSBL 限制物质清单 v8.0,BSBL受限物质总表(1726条),ID-61,"2,6-二甲基苯胺及其盐","2,6-Xylidine and its salts",原始值: 'Several' (标准CAS为空),87-62-7 / 21436-98-6 (盐酸盐),基于 BSBL Arylamines（芳香胺） 类别定义及化学母体/代表性化合物补全
115,BSBL 限制物质清单 v8.0,BSBL受限物质总表(1726条),ID-62,2-氯乙酰胺,2-Chloroacetamide,原始值: '1979/7/2' (标准CAS为空),79-07-2,修复原始数据中被 Excel 误识别为日期的 CAS 号（原字符串: 1979/7/2）
116,BSBL 限制物质清单 v8.0,BSBL受限物质总表(1726条),ID-69,氯化和非氯化异噻唑啉酮衍生物,Chlorinated and non-chlorinated Isothiazolinone-derivatives,原始值: 'Several' (标准CAS为空),55965-84-9 (CIT/MIT) / 26172-55-4 / 2682-20-4,基于 BSBL Biocides（杀生物剂） 类别定义及化学母体/代表性化合物补全
117,BSBL 限制物质清单 v8.0,BSBL受限物质总表(1726条),ID-71,邻苯基苯酚及其盐,o-Phenylphenol and its salts,原始值: 'Several' (标准CAS为空),90-43-7 (邻苯基苯酚) / 132-27-4 (钠盐),基于 BSBL Biocides（杀生物剂） 类别定义及化学母体/代表性化合物补全
118,BSBL 限制物质清单 v8.0,BSBL受限物质总表(1726条),ID-72,邻苯基苯酚及其盐,o-Phenylphenol and its salts,原始值: 'Several' (标准CAS为空),90-43-7 (邻苯基苯酚) / 132-27-4 (钠盐),基于 BSBL Biocides（杀生物剂） 类别定义及化学母体/代表性化合物补全
119,BSBL 限制物质清单 v8.0,BSBL受限物质总表(1726条),ID-75,氯化苯和氯化甲苯,Chlorinated Benzenes and Toluenes,原始值: 'Several' (标准CAS为空),108-90-7 / 108-88-3,基于 BSBL Chlorinated Benzenes and Toluenes（氯化苯和氯化甲苯） 类别定义及化学母体/代表性化合物补全
120,BSBL 限制物质清单 v8.0,BSBL受限物质总表(1726条),ID-76,氯化苯,Chlorinated Benzenes,原始值: 'Several' (标准CAS为空),108-90-7 (氯苯类基准),基于 BSBL Chlorinated Benzenes and Toluenes（氯化苯和氯化甲苯） 类别定义及化学母体/代表性化合物补全
121,BSBL 限制物质清单 v8.0,BSBL受限物质总表(1726条),ID-80,二氯苯（所有异构体）,"Dichlorobenzenes, all isomers",原始值: 'Several' (标准CAS为空),25321-22-6 (混合) / 95-50-1 (邻) / 106-46-7 (对),基于 BSBL Chlorinated Benzenes and Toluenes（氯化苯和氯化甲苯） 类别定义及化学母体/代表性化合物补全
122,BSBL 限制物质清单 v8.0,BSBL受限物质总表(1726条),ID-81,三氯苯（所有异构体）,"Trichlorobenzenes, all isomers",原始值: 'Several' (标准CAS为空),12002-48-1 (混合) / 120-82-1 / 87-61-6,基于 BSBL Chlorinated Benzenes and Toluenes（氯化苯和氯化甲苯） 类别定义及化学母体/代表性化合物补全
123,BSBL 限制物质清单 v8.0,BSBL受限物质总表(1726条),ID-82,四氯苯（所有异构体）,"Tetrachlorobenzenes, all isomers",原始值: 'Several' (标准CAS为空),12408-10-5 (混合) / 634-66-2 / 95-94-3,基于 BSBL Chlorinated Benzenes and Toluenes（氯化苯和氯化甲苯） 类别定义及化学母体/代表性化合物补全
124,BSBL 限制物质清单 v8.0,BSBL受限物质总表(1726条),ID-83,氯化甲苯,Chlorinated Toluenes,原始值: 'Several' (标准CAS为空),25168-05-2 (氯甲苯基准),基于 BSBL Chlorinated Benzenes and Toluenes（氯化苯和氯化甲苯） 类别定义及化学母体/代表性化合物补全
125,BSBL 限制物质清单 v8.0,BSBL受限物质总表(1726条),ID-86,一氯甲苯（所有异构体）,"Monochlorotoluenes, all isomers",原始值: 'Several' (标准CAS为空),25168-05-2 (混合) / 95-49-8 (邻) / 106-43-4 (对),基于 BSBL Chlorinated Benzenes and Toluenes（氯化苯和氯化甲苯） 类别定义及化学母体/代表性化合物补全
126,BSBL 限制物质清单 v8.0,BSBL受限物质总表(1726条),ID-87,二氯甲苯（所有异构体）,"Dichlorotoluenes, all isomers",原始值: 'Several' (标准CAS为空),29797-40-8 (混合) / 95-73-8 / 19398-61-9,基于 BSBL Chlorinated Benzenes and Toluenes（氯化苯和氯化甲苯） 类别定义及化学母体/代表性化合物补全
127,BSBL 限制物质清单 v8.0,BSBL受限物质总表(1726条),ID-88,三氯甲苯（所有异构体）,"Trichlorotoluenes, all isomers",原始值: 'Several' (标准CAS为空),2077-46-5 (混合) / 2077-47-6,基于 BSBL Chlorinated Benzenes and Toluenes（氯化苯和氯化甲苯） 类别定义及化学母体/代表性化合物补全
128,BSBL 限制物质清单 v8.0,BSBL受限物质总表(1726条),ID-89,四氯甲苯（所有异构体）,"Tetrachlorotoluenes, all isomers",原始值: 'Several' (标准CAS为空),875-40-1 (混合) / 1006-31-1,基于 BSBL Chlorinated Benzenes and Toluenes（氯化苯和氯化甲苯） 类别定义及化学母体/代表性化合物补全
129,BSBL 限制物质清单 v8.0,BSBL受限物质总表(1726条),ID-96,二、三和四氯十四烷,"Di-, tri- and tetrachlorotetradecane",原始值: '—' (标准CAS为空),85535-85-9 (中链氯化石蜡 MCCP代表CAS),"基于 BSBL Chlorinated paraffins, all chain lengths（全链长氯化石蜡） 类别定义及化学母体/代表性化合物补全"
130,BSBL 限制物质清单 v8.0,BSBL受限物质总表(1726条),ID-105,"2,4,6-三氯苯酚","2,4,6-Trichlorophenol",原始值: '1988/6/2' (标准CAS为空),88-06-2,修复原始数据中被 Excel 误识别为日期的 CAS 号（原字符串: 1988/6/2）
131,BSBL 限制物质清单 v8.0,BSBL受限物质总表(1726条),ID-111,五氯苯酚及其盐、酯和化合物,"Pentachlorophenol, its salts, esters and compounds",原始值: 'Several' (标准CAS为空),87-86-5 (五氯苯酚) / 131-52-2 (钠盐),基于 BSBL Chlorinated Phenols（氯化酚） 类别定义及化学母体/代表性化合物补全
132,BSBL 限制物质清单 v8.0,BSBL受限物质总表(1726条),ID-113,一氯和二氯苯酚,Mono- and Dichlorophenols,原始值: 'Several' (标准CAS为空),25167-80-0 (一氯酚) / 25167-81-1 (二氯酚),基于 BSBL Chlorinated Phenols（氯化酚） 类别定义及化学母体/代表性化合物补全
133,BSBL 限制物质清单 v8.0,BSBL受限物质总表(1726条),ID-125,具有致癌潜力的着色剂,Colorants with carcinogenic potential,原始值: 'Several' (标准CAS为空),致癌染料大类管控 (C.I. Direct Black 38等),基于 BSBL Colorants（着色剂） 类别定义及化学母体/代表性化合物补全
134,BSBL 限制物质清单 v8.0,BSBL受限物质总表(1726条),ID-142,碱性绿4（孔雀石绿）,Basic Green 4 (Malachite Green),原始值: 'Several' (标准CAS为空),569-64-2 (氯化物) / 2437-29-8 (草酸盐),基于 BSBL Colorants（着色剂） 类别定义及化学母体/代表性化合物补全
135,BSBL 限制物质清单 v8.0,BSBL受限物质总表(1726条),ID-147,具有致敏潜力的着色剂,Colorants with allergenic potential,原始值: 'Several' (标准CAS为空),致敏分散染料大类管控 (C.I. Disperse Blue 1等),基于 BSBL Colorants（着色剂） 类别定义及化学母体/代表性化合物补全
136,BSBL 限制物质清单 v8.0,BSBL受限物质总表(1726条),ID-165,分散蓝35,Disperse Blue 35,原始值: 'Several' (标准CAS为空),12222-75-2 / 56524-77-7,基于 BSBL Colorants（着色剂） 类别定义及化学母体/代表性化合物补全
137,BSBL 限制物质清单 v8.0,BSBL受限物质总表(1726条),ID-169,分散橙37/59/76,Disperse Orange 37/59/76,原始值: 'Several' (标准CAS为空),12223-33-5 / 13301-61-6 / 51811-42-8,基于 BSBL Colorants（着色剂） 类别定义及化学母体/代表性化合物补全
138,BSBL 限制物质清单 v8.0,BSBL受限物质总表(1726条),ID-173,因其他原因禁用的着色剂,Colorants banned for other reasons,原始值: 'Several' (标准CAS为空),环境与健康禁用着色剂大类管控,基于 BSBL Colorants（着色剂） 类别定义及化学母体/代表性化合物补全
139,BSBL 限制物质清单 v8.0,BSBL受限物质总表(1726条),ID-188,碱性紫3,Basic Violet 3,原始值: 'Several' (标准CAS为空),548-62-9 (结晶紫),基于 BSBL Colorants（着色剂） 类别定义及化学母体/代表性化合物补全
140,BSBL 限制物质清单 v8.0,BSBL受限物质总表(1726条),ID-193,海军蓝复合着色剂,Navy Blue: A mixture of ... chromate complexes,原始值: 'Several' (标准CAS为空),118685-33-9 (EC 405-665-4),基于 BSBL Colorants（着色剂） 类别定义及化学母体/代表性化合物补全
141,BSBL 限制物质清单 v8.0,BSBL受限物质总表(1726条),ID-194,可裂解产生致癌胺的着色剂,Colorants which can cleave in carcinogenic amines,原始值: 'Several' (标准CAS为空),可裂解致癌芳香胺偶氮染料组 (REACH附录XVII第43条),基于 BSBL Colorants（着色剂） 类别定义及化学母体/代表性化合物补全
142,BSBL 限制物质清单 v8.0,BSBL受限物质总表(1726条),ID-195,二噁英和呋喃－第3组,Dioxins and Furans - Group 3,原始值: 'Several' (标准CAS为空),"39227-28-6 (1,2,3,4,7,8-HxCDD基准)",基于 BSBL Dioxins and Furans 类别定义及化学母体/代表性化合物补全
143,BSBL 限制物质清单 v8.0,BSBL受限物质总表(1726条),ID-196,二噁英和呋喃－第1和2组,Dioxins and Furans - Group 1 and 2,原始值: 'Several' (标准CAS为空),1746-01-6 / 40321-76-4,基于 BSBL Dioxins and Furans 类别定义及化学母体/代表性化合物补全
144,BSBL 限制物质清单 v8.0,BSBL受限物质总表(1726条),ID-197,二噁英和呋喃－第1组,Dioxins and Furans - Group 1,原始值: 'Several' (标准CAS为空),"1746-01-6 (2,3,7,8-TCDD基准)",基于 BSBL Dioxins and Furans 类别定义及化学母体/代表性化合物补全
145,BSBL 限制物质清单 v8.0,BSBL受限物质总表(1726条),ID-198,二噁英和呋喃－第4和5组,Dioxins and Furans - Group 4 and 5,原始值: 'Several' (标准CAS为空),51207-31-9 / 57117-41-6,基于 BSBL Dioxins and Furans 类别定义及化学母体/代表性化合物补全
146,BSBL 限制物质清单 v8.0,BSBL受限物质总表(1726条),ID-199,二噁英和呋喃－第4组,Dioxins and Furans - Group 4,原始值: 'Several' (标准CAS为空),"51207-31-9 (2,3,7,8-TCDF基准)",基于 BSBL Dioxins and Furans 类别定义及化学母体/代表性化合物补全
147,BSBL 限制物质清单 v8.0,BSBL受限物质总表(1726条),ID-200,工业用酶,"Enzymes, industrial",原始值: 'Several' (标准CAS为空),9014-01-1 (枯草杆菌蛋白酶等工业酶制剂),基于 BSBL Enzymes（酶） 类别定义及化学母体/代表性化合物补全
148,BSBL 限制物质清单 v8.0,BSBL受限物质总表(1726条),ID-201,阻燃剂,Flame retardants,原始值: 'Several' (标准CAS为空),阻燃剂大类管控 (含卤素/有机磷系),基于 BSBL Flame retardants（阻燃剂） 类别定义及化学母体/代表性化合物补全
149,BSBL 限制物质清单 v8.0,BSBL受限物质总表(1726条),ID-217,溴化烷基醇,Brominated alkyl alcohols,原始值: 'Several' (标准CAS为空),3296-90-0 (BMP代表性CAS),基于 BSBL Flame retardants（阻燃剂） 类别定义及化学母体/代表性化合物补全
150,BSBL 限制物质清单 v8.0,BSBL受限物质总表(1726条),ID-221,得克隆及其 anti/syn 异构体或组合,Dechlorane Plus - covering any of its individual anti- and syn-isomers or any combination thereof,原始值: 'Several' (标准CAS为空),13560-89-9 / 135821-03-3 / 135821-74-8,基于 BSBL Flame retardants（阻燃剂） 类别定义及化学母体/代表性化合物补全
151,BSBL 限制物质清单 v8.0,BSBL受限物质总表(1726条),ID-225,六溴环十二烷（所有异构体）,"Hexabromocyclododecan, all isomers",原始值: 'Several' (标准CAS为空),25637-99-4 / 3194-55-6,基于 BSBL Flame retardants（阻燃剂） 类别定义及化学母体/代表性化合物补全
152,BSBL 限制物质清单 v8.0,BSBL受限物质总表(1726条),ID-233,多溴二苯乙烷,Polybrominated diphenyl ethanes,原始值: 'Several' (标准CAS为空),84852-53-9 (DBDPE),基于 BSBL Flame retardants（阻燃剂） 类别定义及化学母体/代表性化合物补全
153,BSBL 限制物质清单 v8.0,BSBL受限物质总表(1726条),ID-235,多溴二苯醚,Polybrominated diphenyl ethers,原始值: 'Several' (标准CAS为空),1163-19-5 (十溴二苯醚等代表性CAS),基于 BSBL Flame retardants（阻燃剂） 类别定义及化学母体/代表性化合物补全
154,BSBL 限制物质清单 v8.0,BSBL受限物质总表(1726条),ID-237,一溴二苯醚（MonoBDE）,Monobromodiphenyl ether,原始值: 'Several' (标准CAS为空),101-55-3 (4-溴二苯醚) / 7025-06-1 (2-溴二苯醚),基于 BSBL Flame retardants（阻燃剂） 类别定义及化学母体/代表性化合物补全
155,BSBL 限制物质清单 v8.0,BSBL受限物质总表(1726条),ID-256,含氟温室气体,"Greenhouse Gases, fluorinated",原始值: 'Several' (标准CAS为空),(EU) No 517/2014 含氟温室气体管控组 (HFCs/PFCs/SF6),"基于 BSBL Greenhouse Gases, fluorinated 类别定义及化学母体/代表性化合物补全"
156,BSBL 限制物质清单 v8.0,BSBL受限物质总表(1726条),ID-259,多溴三联苯,Polybrominated Terphenyls,原始值: 'Several' (标准CAS为空),61788-33-8 (PBTs混合物CAS),"基于 BSBL Halogenated Biphenyls, Terphenyls and Naphthalenes(卤代联苯、卤代三联苯和卤代萘) 类别定义及化学母体/代表性化合物补全"
157,BSBL 限制物质清单 v8.0,BSBL受限物质总表(1726条),ID-260,多氯萘,Polychlorinated Naphthalenes,原始值: 'Several' (标准CAS为空),70776-03-3 (PCNs混合物基准CAS),"基于 BSBL Halogenated Biphenyls, Terphenyls and Naphthalenes(卤代联苯、卤代三联苯和卤代萘) 类别定义及化学母体/代表性化合物补全"
158,BSBL 限制物质清单 v8.0,BSBL受限物质总表(1726条),ID-269,多溴萘,Polybrominated Naphthalenes,原始值: 'Several' (标准CAS为空),27410-13-7 (PBNs类别基准CAS),"基于 BSBL Halogenated Biphenyls, Terphenyls and Naphthalenes(卤代联苯、卤代三联苯和卤代萘) 类别定义及化学母体/代表性化合物补全"
159,BSBL 限制物质清单 v8.0,BSBL受限物质总表(1726条),ID-270,卤代二芳基烷,Halogenated Diarylalkanes,原始值: 'Several' (标准CAS为空),99688-47-8 (UGILEC 121基准) / 81161-70-8,基于 BSBL Halogenated Diarylalkanes（卤代二芳基烷） 类别定义及化学母体/代表性化合物补全
160,BSBL 限制物质清单 v8.0,BSBL受限物质总表(1726条),ID-274,锑及其盐和化合物,"Antimony, its salts and compounds",原始值: 'Several' (标准CAS为空),7440-36-0 (锑单质及锑盐化合物),基于 BSBL Metals（金属） 类别定义及化学母体/代表性化合物补全
161,BSBL 限制物质清单 v8.0,BSBL受限物质总表(1726条),ID-276,砷及其盐和化合物,"Arsenic, its salts and compounds",原始值: 'Several' (标准CAS为空),7440-38-2 (砷单质及砷盐化合物),基于 BSBL Metals（金属） 类别定义及化学母体/代表性化合物补全
162,BSBL 限制物质清单 v8.0,BSBL受限物质总表(1726条),ID-278,钡及其盐和化合物,"Barium, its salts and compounds",原始值: 'Several' (标准CAS为空),7440-39-3 (钡单质及钡盐化合物),基于 BSBL Metals（金属） 类别定义及化学母体/代表性化合物补全
163,BSBL 限制物质清单 v8.0,BSBL受限物质总表(1726条),ID-280,镉及其盐和化合物,"Cadmium, its salts and compounds",原始值: 'Several' (标准CAS为空),7440-43-9 (镉单质及镉盐化合物),基于 BSBL Metals（金属） 类别定义及化学母体/代表性化合物补全
164,BSBL 限制物质清单 v8.0,BSBL受限物质总表(1726条),ID-282,铬及其盐和化合物（六价铬除外）,"Chromium, its salts and compounds - except Chromium VI",原始值: 'Several' (标准CAS为空),7440-47-3 (总铬/三价铬化合物),基于 BSBL Metals（金属） 类别定义及化学母体/代表性化合物补全
165,BSBL 限制物质清单 v8.0,BSBL受限物质总表(1726条),ID-284,六价铬及其盐和化合物,"Chromium VI, its salts and compounds",原始值: 'Several' (标准CAS为空),18540-29-9 (六价铬离子及各类铬酸盐),基于 BSBL Metals（金属） 类别定义及化学母体/代表性化合物补全
166,BSBL 限制物质清单 v8.0,BSBL受限物质总表(1726条),ID-286,钴及其盐和化合物,"Cobalt, its salts and compounds",原始值: 'Several' (标准CAS为空),7440-48-4 (钴单质及钴盐化合物),基于 BSBL Metals（金属） 类别定义及化学母体/代表性化合物补全
167,BSBL 限制物质清单 v8.0,BSBL受限物质总表(1726条),ID-288,铜及其盐和化合物,"Copper, its salts and compounds",原始值: 'Several' (标准CAS为空),7440-50-8 (铜单质及铜盐化合物),基于 BSBL Metals（金属） 类别定义及化学母体/代表性化合物补全
168,BSBL 限制物质清单 v8.0,BSBL受限物质总表(1726条),ID-290,铅及其盐和化合物,"Lead, its salts and compounds",原始值: 'Several' (标准CAS为空),7439-92-1 (铅单质及铅盐化合物),基于 BSBL Metals（金属） 类别定义及化学母体/代表性化合物补全
169,BSBL 限制物质清单 v8.0,BSBL受限物质总表(1726条),ID-292,汞及其盐和化合物,"Mercury, its salts and compounds",原始值: 'Several' (标准CAS为空),7439-97-6 (汞单质及汞盐化合物),基于 BSBL Metals（金属） 类别定义及化学母体/代表性化合物补全
170,BSBL 限制物质清单 v8.0,BSBL受限物质总表(1726条),ID-294,镍及其盐和化合物,"Nickel, its salts and compounds",原始值: 'Several' (标准CAS为空),7440-02-0 (镍单质及镍盐化合物),基于 BSBL Metals（金属） 类别定义及化学母体/代表性化合物补全
171,BSBL 限制物质清单 v8.0,BSBL受限物质总表(1726条),ID-295,六价铬及其盐和化合物,"Chromium VI, its salts and compounds",原始值: 'Several' (标准CAS为空),18540-29-9 (六价铬离子及各类铬酸盐),基于 BSBL Metals（金属） 类别定义及化学母体/代表性化合物补全
172,BSBL 限制物质清单 v8.0,BSBL受限物质总表(1726条),ID-297,钴及其盐和化合物,"Cobalt, its salts and compounds",原始值: 'Several' (标准CAS为空),7440-48-4 (钴单质及钴盐化合物),基于 BSBL Metals（金属） 类别定义及化学母体/代表性化合物补全
173,BSBL 限制物质清单 v8.0,BSBL受限物质总表(1726条),ID-299,铜及其盐和化合物,"Copper, its salts and compounds",原始值: 'Several' (标准CAS为空),7440-50-8 (铜单质及铜盐化合物),基于 BSBL Metals（金属） 类别定义及化学母体/代表性化合物补全
174,BSBL 限制物质清单 v8.0,BSBL受限物质总表(1726条),ID-301,铅及其盐和化合物,"Lead, its salts and compounds",原始值: 'Several' (标准CAS为空),7439-92-1 (铅单质及铅盐化合物),基于 BSBL Metals（金属） 类别定义及化学母体/代表性化合物补全
175,BSBL 限制物质清单 v8.0,BSBL受限物质总表(1726条),ID-303,汞及其盐和化合物,"Mercury, its salts and compounds",原始值: 'Several' (标准CAS为空),7439-97-6 (汞单质及汞盐化合物),基于 BSBL Metals（金属） 类别定义及化学母体/代表性化合物补全
176,BSBL 限制物质清单 v8.0,BSBL受限物质总表(1726条),ID-305,镍及其盐和化合物,"Nickel, its salts and compounds",原始值: 'Several' (标准CAS为空),7440-02-0 (镍单质及镍盐化合物),基于 BSBL Metals（金属） 类别定义及化学母体/代表性化合物补全
177,BSBL 限制物质清单 v8.0,BSBL受限物质总表(1726条),ID-307,硒及其盐和化合物,"Selenium, its salts and compounds",原始值: 'Several' (标准CAS为空),7782-49-2 (硒单质及硒盐化合物),基于 BSBL Metals（金属） 类别定义及化学母体/代表性化合物补全
178,BSBL 限制物质清单 v8.0,BSBL受限物质总表(1726条),ID-309,银及其盐和化合物,"Silver, its salts and compounds",原始值: 'Several' (标准CAS为空),7440-22-4 (银单质及银盐化合物),基于 BSBL Metals（金属） 类别定义及化学母体/代表性化合物补全
179,BSBL 限制物质清单 v8.0,BSBL受限物质总表(1726条),ID-311,锡及其盐和无机化合物,"Tin, its salts and inorganic compounds",原始值: 'Several' (标准CAS为空),7440-31-5 (锡单质及无机锡化合物),基于 BSBL Metals（金属） 类别定义及化学母体/代表性化合物补全
180,BSBL 限制物质清单 v8.0,BSBL受限物质总表(1726条),ID-313,丙烯酰胺,Acrylamide,原始值: '1979/6/1' (标准CAS为空),79-06-1,修复原始数据中被 Excel 误识别为日期的 CAS 号（原字符串: 1979/6/1）
181,BSBL 限制物质清单 v8.0,BSBL受限物质总表(1726条),ID-318,氯乙烯,Vinyl chloride,原始值: '1975/1/4' (标准CAS为空),75-01-4,修复原始数据中被 Excel 误识别为日期的 CAS 号（原字符串: 1975/1/4）
182,BSBL 限制物质清单 v8.0,BSBL受限物质总表(1726条),ID-337,烷基萘：所有衍生物,Alkylnaphthalenes: all derivatives,原始值: '—' (标准CAS为空),90-12-0 (1-甲基萘) / 91-57-6 (2-甲基萘),基于 BSBL Other Chemical Substances（其他化学物质） 类别定义及化学母体/代表性化合物补全
183,BSBL 限制物质清单 v8.0,BSBL受限物质总表(1726条),ID-341,双酚A,Bisphenol A,原始值: '1980/5/7' (标准CAS为空),80-05-7,修复原始数据中被 Excel 误识别为日期的 CAS 号（原字符串: 1980/5/7）
184,BSBL 限制物质清单 v8.0,BSBL受限物质总表(1726条),ID-345,双酚S,Bisphenol S,原始值: '1980/9/1' (标准CAS为空),80-09-1,修复原始数据中被 Excel 误识别为日期的 CAS 号（原字符串: 1980/9/1）
185,BSBL 限制物质清单 v8.0,BSBL受限物质总表(1726条),ID-347,正丁基缩水甘油醚,1-Butyl glycidyl ether,原始值: '2426/8/6' (标准CAS为空),2426-08-6,修复原始数据中被 Excel 误识别为日期的 CAS 号（原字符串: 2426/8/6）
186,BSBL 限制物质清单 v8.0,BSBL受限物质总表(1726条),ID-373,溴酸钾,Potassium bromate,原始值: '7758/1/2' (标准CAS为空),7758-01-2,修复原始数据中被 Excel 误识别为日期的 CAS 号（原字符串: 7758/1/2）
187,BSBL 限制物质清单 v8.0,BSBL受限物质总表(1726条),ID-381,硼酸及其衍生物,Boric acid and derivatives,原始值: 'Several' (标准CAS为空),10043-35-3 (硼酸基准) / 11113-50-1,基于 BSBL Other Chemical Substances — Boric acid and derivatives 硼酸及其衍生物（Boric acid and derivatives） 类别定义及化学母体/代表性化合物补全
188,BSBL 限制物质清单 v8.0,BSBL受限物质总表(1726条),ID-388,四硼酸二钠,Disodium tetraborate,原始值: 'Several' (标准CAS为空),1330-43-4 / 1303-96-4,基于 BSBL Other Chemical Substances — Boric acid and derivatives 硼酸及其衍生物（Boric acid and derivatives） 类别定义及化学母体/代表性化合物补全
189,BSBL 限制物质清单 v8.0,BSBL受限物质总表(1726条),ID-392,八硼酸二钠,Disodium octaborate,原始值: 'Several' (标准CAS为空),12008-41-2 / 12280-03-4,基于 BSBL Other Chemical Substances — Boric acid and derivatives 硼酸及其衍生物（Boric acid and derivatives） 类别定义及化学母体/代表性化合物补全
190,BSBL 限制物质清单 v8.0,BSBL受限物质总表(1726条),ID-406,过硼酸钠衍生物,Sodium perborate derivatives,原始值: 'Several' (标准CAS为空),15120-21-5 / 11138-47-9 / 7632-04-4,基于 BSBL Other Chemical Substances — Boric acid and derivatives 硼酸及其衍生物（Boric acid and derivatives） 类别定义及化学母体/代表性化合物补全
191,BSBL 限制物质清单 v8.0,BSBL受限物质总表(1726条),ID-408,无水过硼酸钠,"Sodium perborate, anhydrous",原始值: '7632/4/4' (标准CAS为空),7632-04-4,修复原始数据中被 Excel 误识别为日期的 CAS 号（原字符串: 7632/4/4）
192,BSBL 限制物质清单 v8.0,BSBL受限物质总表(1726条),ID-413,肼及其盐和水合物,"Hydrazine, its salts and hydrates",原始值: 'Several' (标准CAS为空),302-01-2 (无水肼) / 7803-57-8 (一水合肼),基于 BSBL Other Chemical Substances — Boric acid and derivatives 硼酸及其衍生物（Boric acid and derivatives） 类别定义及化学母体/代表性化合物补全
193,BSBL 限制物质清单 v8.0,BSBL受限物质总表(1726条),ID-415,硝基丙烷衍生物,Nitropropane derivatives,原始值: 'Several' (标准CAS为空),79-46-9 (2-硝基丙烷基准),基于 BSBL Other Chemical Substances — Boric acid and derivatives 硼酸及其衍生物（Boric acid and derivatives） 类别定义及化学母体/代表性化合物补全
194,BSBL 限制物质清单 v8.0,BSBL受限物质总表(1726条),ID-417,硅氧烷,Siloxanes,原始值: 'Several' (标准CAS为空),541-02-6 (D5) / 556-67-2 (D4) / 540-97-6 (D6),基于 BSBL Other Chemical Substances — Boric acid and derivatives 硼酸及其衍生物（Boric acid and derivatives） 类别定义及化学母体/代表性化合物补全
195,BSBL 限制物质清单 v8.0,BSBL受限物质总表(1726条),ID-423,消耗臭氧层物质,Ozone Depleting Substances (according to Regulation (EU) 2024/590),原始值: 'Several' (标准CAS为空),蒙特利尔议定书 / (EU) 2024/590 管控组,基于 BSBL Ozone Depleting Substances（消耗臭氧层物质） 类别定义及化学母体/代表性化合物补全
196,BSBL 限制物质清单 v8.0,BSBL受限物质总表(1726条),ID-424,I类消耗臭氧层物质（CFCs）,Ozone depleting substances (CFCs) class I,原始值: 'Several' (标准CAS为空),蒙特利尔议定书附件A组I (CFC-11/12等),基于 BSBL Ozone Depleting Substances（消耗臭氧层物质） 类别定义及化学母体/代表性化合物补全
197,BSBL 限制物质清单 v8.0,BSBL受限物质总表(1726条),ID-425,II类消耗臭氧层物质（CFCs）,Ozone depleting substances (CFCs) class II,原始值: 'Several' (标准CAS为空),蒙特利尔议定书附件B组I (CFC-13/114等),基于 BSBL Ozone Depleting Substances（消耗臭氧层物质） 类别定义及化学母体/代表性化合物补全
198,BSBL 限制物质清单 v8.0,BSBL受限物质总表(1726条),ID-426,PFAS（多氟和全氟烷基物质）,PFAS (Poly- and perfluoroalkyl substances),原始值: 'Several' (标准CAS为空),PFAS全氟和多氟烷基物质大类管控,基于 BSBL PFAS 总组 + PFAS dyes 类别定义及化学母体/代表性化合物补全
199,BSBL 限制物质清单 v8.0,BSBL受限物质总表(1726条),ID-427,PFAS 染料,PFAS dyes,原始值: 'Several' (标准CAS为空),含全氟烷基链功能性染料类目管控,基于 BSBL PFAS 总组 + PFAS dyes 类别定义及化学母体/代表性化合物补全
200,BSBL 限制物质清单 v8.0,BSBL受限物质总表(1726条),ID-443,PFAS 聚合物,PFAS Polymers,原始值: 'Several' (标准CAS为空),含氟聚合物 (PTFE/PVDF等) 类目管控,基于 BSBL PFAS 总组 + PFAS dyes 类别定义及化学母体/代表性化合物补全
201,BSBL 限制物质清单 v8.0,BSBL受限物质总表(1726条),ID-455,[非聚合物和非染料 PFAS],[PFAS 总组 + PFAS dyes],原始值: 'Several' (标准CAS为空),PFAS非聚合物小分子化合物类目管控,基于 BSBL PFAS 总组 + PFAS dyes 类别定义及化学母体/代表性化合物补全
202,BSBL 限制物质清单 v8.0,BSBL受限物质总表(1726条),ID-456,[非聚合物和非染料 PFAS],[PFAS 总组 + PFAS dyes],原始值: 'Several' (标准CAS为空),PFAS非聚合物小分子化合物类目管控,基于 BSBL PFAS 总组 + PFAS dyes 类别定义及化学母体/代表性化合物补全
203,BSBL 限制物质清单 v8.0,BSBL受限物质总表(1726条),ID-457,[全氟丁酸及其盐],[PFAS 总组 + PFAS dyes],原始值: 'Several' (标准CAS为空),375-22-4 (PFBA母体) / 2218-54-4 (钠盐),基于 BSBL PFAS 总组 + PFAS dyes 类别定义及化学母体/代表性化合物补全
204,BSBL 限制物质清单 v8.0,BSBL受限物质总表(1726条),ID-458,全氟丁酸相关物质,[PFBA / PFHxA / PFHpA 相关物质],原始值: '' (标准CAS为空),375-22-4 (PFBA前体与衍生物),基于 BSBL PFBA / PFHxA / PFHpA 相关物质 类别定义及化学母体/代表性化合物补全
205,BSBL 限制物质清单 v8.0,BSBL受限物质总表(1726条),ID-459,全氟丁酸相关物质,[PFBA / PFHxA / PFHpA 相关物质],原始值: '' (标准CAS为空),375-22-4 (PFBA前体与衍生物),基于 BSBL PFBA / PFHxA / PFHpA 相关物质 类别定义及化学母体/代表性化合物补全
206,BSBL 限制物质清单 v8.0,BSBL受限物质总表(1726条),ID-460,全氟己酸及其盐,[PFBA / PFHxA / PFHpA 相关物质],原始值: '' (标准CAS为空),307-24-4 (PFHxA母体) / 2923-26-4 (钠盐),基于 BSBL PFBA / PFHxA / PFHpA 相关物质 类别定义及化学母体/代表性化合物补全
207,BSBL 限制物质清单 v8.0,BSBL受限物质总表(1726条),ID-461,全氟己酸及其盐,[PFBA / PFHxA / PFHpA 相关物质],原始值: '' (标准CAS为空),307-24-4 (PFHxA母体) / 2923-26-4 (钠盐),基于 BSBL PFBA / PFHxA / PFHpA 相关物质 类别定义及化学母体/代表性化合物补全
208,BSBL 限制物质清单 v8.0,BSBL受限物质总表(1726条),ID-462,全氟己酸相关物质,[PFBA / PFHxA / PFHpA 相关物质],原始值: '' (标准CAS为空),307-24-4 (PFHxA前体与衍生物),基于 BSBL PFBA / PFHxA / PFHpA 相关物质 类别定义及化学母体/代表性化合物补全
209,BSBL 限制物质清单 v8.0,BSBL受限物质总表(1726条),ID-463,全氟己酸相关物质,[PFBA / PFHxA / PFHpA 相关物质],原始值: '' (标准CAS为空),307-24-4 (PFHxA前体与衍生物),基于 BSBL PFBA / PFHxA / PFHpA 相关物质 类别定义及化学母体/代表性化合物补全
210,BSBL 限制物质清单 v8.0,BSBL受限物质总表(1726条),ID-464,全氟庚酸及其盐,[PFBA / PFHxA / PFHpA 相关物质],原始值: '' (标准CAS为空),375-85-9 / 20109-59-5,基于 BSBL PFBA / PFHxA / PFHpA 相关物质 类别定义及化学母体/代表性化合物补全
211,BSBL 限制物质清单 v8.0,BSBL受限物质总表(1726条),ID-465,全氟庚酸及其盐,[PFBA / PFHxA / PFHpA 相关物质],原始值: '' (标准CAS为空),375-85-9 / 20109-59-5,基于 BSBL PFBA / PFHxA / PFHpA 相关物质 类别定义及化学母体/代表性化合物补全
212,BSBL 限制物质清单 v8.0,BSBL受限物质总表(1726条),ID-466,全氟辛酸及其盐（PFOA及盐）,[PFOA + C9–C21 PFCAs],原始值: '' (标准CAS为空),335-67-1 (PFOA母体) / 3825-26-1 (铵盐),基于 BSBL PFOA + C9–C21 PFCAs 类别定义及化学母体/代表性化合物补全
213,BSBL 限制物质清单 v8.0,BSBL受限物质总表(1726条),ID-467,全氟辛酸及其盐,[PFOA + C9–C21 PFCAs],原始值: '' (标准CAS为空),335-67-1 (PFOA母体) / 3825-26-1 (铵盐),基于 BSBL PFOA + C9–C21 PFCAs 类别定义及化学母体/代表性化合物补全
214,BSBL 限制物质清单 v8.0,BSBL受限物质总表(1726条),ID-468,全氟辛酸相关物质,[PFOA + C9–C21 PFCAs],原始值: '' (标准CAS为空),335-67-1 (PFOA前体与衍生物),基于 BSBL PFOA + C9–C21 PFCAs 类别定义及化学母体/代表性化合物补全
215,BSBL 限制物质清单 v8.0,BSBL受限物质总表(1726条),ID-469,全氟辛酸相关物质,[PFOA + C9–C21 PFCAs],原始值: '' (标准CAS为空),335-67-1 (PFOA前体与衍生物),基于 BSBL PFOA + C9–C21 PFCAs 类别定义及化学母体/代表性化合物补全
216,BSBL 限制物质清单 v8.0,BSBL受限物质总表(1726条),ID-470,C9–C21 全氟羧酸及其盐,[PFOA + C9–C21 PFCAs],原始值: '' (标准CAS为空),375-95-1 (C9 PFNA基准) / 335-76-2 (C10 PFDA),基于 BSBL PFOA + C9–C21 PFCAs 类别定义及化学母体/代表性化合物补全
217,BSBL 限制物质清单 v8.0,BSBL受限物质总表(1726条),ID-471,C9–C21 全氟羧酸及其盐,[PFOA + C9–C21 PFCAs],原始值: '' (标准CAS为空),375-95-1 (C9 PFNA基准) / 335-76-2 (C10 PFDA),基于 BSBL PFOA + C9–C21 PFCAs 类别定义及化学母体/代表性化合物补全
218,BSBL 限制物质清单 v8.0,BSBL受限物质总表(1726条),ID-472,C9–C21 全氟羧酸相关物质,[PFOA + C9–C21 PFCAs],原始值: '' (标准CAS为空),375-95-1 (C9-C21 PFCAs前体与衍生物),基于 BSBL PFOA + C9–C21 PFCAs 类别定义及化学母体/代表性化合物补全
219,BSBL 限制物质清单 v8.0,BSBL受限物质总表(1726条),ID-473,C9–C21 全氟羧酸相关物质,[PFOA + C9–C21 PFCAs],原始值: '' (标准CAS为空),375-95-1 (C9-C21 PFCAs前体与衍生物),基于 BSBL PFOA + C9–C21 PFCAs 类别定义及化学母体/代表性化合物补全
220,BSBL 限制物质清单 v8.0,BSBL受限物质总表(1726条),ID-474,支链全氟烷基化合物,"Perfluoroalkyl compounds, branched",原始值: 'Several' (标准CAS为空),支链全氟烷基化合物类目管控,基于 BSBL PFAS（续） 类别定义及化学母体/代表性化合物补全
221,BSBL 限制物质清单 v8.0,BSBL受限物质总表(1726条),ID-475,支链全氟烷基化合物,"Perfluoroalkyl compounds, branched",原始值: 'Several' (标准CAS为空),支链全氟烷基化合物类目管控,基于 BSBL PFAS（续） 类别定义及化学母体/代表性化合物补全
222,BSBL 限制物质清单 v8.0,BSBL受限物质总表(1726条),ID-476,全氟丁烷磺酸及其盐,Perfluorobutane sulfonic acid and its salts,原始值: 'Several' (标准CAS为空),375-73-5 / 29420-49-3,基于 BSBL PFAS（续） 类别定义及化学母体/代表性化合物补全
223,BSBL 限制物质清单 v8.0,BSBL受限物质总表(1726条),ID-477,全氟丁烷磺酸及其盐,Perfluorobutane sulfonic acid and its salts,原始值: 'Several' (标准CAS为空),375-73-5 / 29420-49-3,基于 BSBL PFAS（续） 类别定义及化学母体/代表性化合物补全
224,BSBL 限制物质清单 v8.0,BSBL受限物质总表(1726条),ID-478,全氟丁烷磺酸及其衍生物,Perfluorobutane sulfonic acid and its derivatives,原始值: 'Several' (标准CAS为空),375-73-5 / 29420-49-3,基于 BSBL PFAS（续） 类别定义及化学母体/代表性化合物补全
225,BSBL 限制物质清单 v8.0,BSBL受限物质总表(1726条),ID-479,全氟丁烷磺酸及其衍生物,Perfluorobutane sulfonic acid and its derivatives,原始值: 'Several' (标准CAS为空),375-73-5 / 29420-49-3,基于 BSBL PFAS（续） 类别定义及化学母体/代表性化合物补全
226,BSBL 限制物质清单 v8.0,BSBL受限物质总表(1726条),ID-480,全氟己烷磺酸及其盐（PFHxS及其盐）,Perfluorohexane sulfonic acid and its salts,原始值: 'Several' (标准CAS为空),355-46-4 / 3871-99-6,基于 BSBL PFAS（续） 类别定义及化学母体/代表性化合物补全
227,BSBL 限制物质清单 v8.0,BSBL受限物质总表(1726条),ID-481,全氟己烷磺酸及其盐（PFHxS及其盐）,Perfluorohexane sulfonic acid and its salts,原始值: 'Several' (标准CAS为空),355-46-4 / 3871-99-6,基于 BSBL PFAS（续） 类别定义及化学母体/代表性化合物补全
228,BSBL 限制物质清单 v8.0,BSBL受限物质总表(1726条),ID-482,全氟己烷磺酸及其衍生物,Perfluorohexane sulfonic acid and its derivatives,原始值: 'Several' (标准CAS为空),355-46-4 / 3871-99-6,基于 BSBL PFAS（续） 类别定义及化学母体/代表性化合物补全
229,BSBL 限制物质清单 v8.0,BSBL受限物质总表(1726条),ID-483,全氟己烷磺酸及其衍生物,Perfluorohexane sulfonic acid and its derivatives,原始值: 'Several' (标准CAS为空),355-46-4 / 3871-99-6,基于 BSBL PFAS（续） 类别定义及化学母体/代表性化合物补全
230,BSBL 限制物质清单 v8.0,BSBL受限物质总表(1726条),ID-484,全氟辛烷磺酸及其盐（PFOS及其盐）,Perfluorooctane sulfonic acid and its salts,原始值: 'Several' (标准CAS为空),1763-23-1 / 2795-39-3,基于 BSBL PFAS（续） 类别定义及化学母体/代表性化合物补全
231,BSBL 限制物质清单 v8.0,BSBL受限物质总表(1726条),ID-485,全氟辛烷磺酸及其盐（PFOS及其盐）,Perfluorooctane sulfonic acid and its salts,原始值: 'Several' (标准CAS为空),1763-23-1 / 2795-39-3,基于 BSBL PFAS（续） 类别定义及化学母体/代表性化合物补全
232,BSBL 限制物质清单 v8.0,BSBL受限物质总表(1726条),ID-486,全氟辛烷磺酸及其衍生物,Perfluorooctane sulfonic acid and its derivatives,原始值: 'Several' (标准CAS为空),1763-23-1,基于 BSBL PFAS（续） 类别定义及化学母体/代表性化合物补全
233,BSBL 限制物质清单 v8.0,BSBL受限物质总表(1726条),ID-487,全氟辛烷磺酸及其衍生物,Perfluorooctane sulfonic acid and its derivatives,原始值: 'Several' (标准CAS为空),1763-23-1,基于 BSBL PFAS（续） 类别定义及化学母体/代表性化合物补全
234,BSBL 限制物质清单 v8.0,BSBL受限物质总表(1726条),ID-488,全氟烷基磺酸及其盐 F(CF₂)n，n>8,Perfluoroalkyl sulfonic acid and its salts - F(CF2)n [n>8],原始值: 'Several' (标准CAS为空),335-77-3 (C10 PFDS基准) / 2806-15-7,基于 BSBL PFAS（续） 类别定义及化学母体/代表性化合物补全
235,BSBL 限制物质清单 v8.0,BSBL受限物质总表(1726条),ID-489,全氟烷基磺酸及其盐 F(CF₂)n，n>8,Perfluoroalkyl sulfonic acid and its salts - F(CF2)n [n>8],原始值: 'Several' (标准CAS为空),335-77-3 (C10 PFDS基准) / 2806-15-7,基于 BSBL PFAS（续） 类别定义及化学母体/代表性化合物补全
236,BSBL 限制物质清单 v8.0,BSBL受限物质总表(1726条),ID-490,全氟烷基磺酸及其衍生物 F(CF₂)n，n>8,Perfluoroalkyl sulfonic acid and its derivatives - F(CF2)n [n>8],原始值: 'Several' (标准CAS为空),335-77-3 (长链全氟磺酸前体衍生物),基于 BSBL PFAS（续） 类别定义及化学母体/代表性化合物补全
237,BSBL 限制物质清单 v8.0,BSBL受限物质总表(1726条),ID-491,全氟烷基磺酸及其衍生物 F(CF₂)n，n>8,Perfluoroalkyl sulfonic acid and its derivatives - F(CF2)n [n>8],原始值: 'Several' (标准CAS为空),335-77-3 (长链全氟磺酸前体衍生物),基于 BSBL PFAS（续） 类别定义及化学母体/代表性化合物补全
238,BSBL 限制物质清单 v8.0,BSBL受限物质总表(1726条),ID-492,邻苯二甲酸酯,Phthalic acid esters,原始值: 'Several' (标准CAS为空),117-81-7 (DEHP邻苯类代表性基准),基于 BSBL Plasticizers（增塑剂）— Phthalic acid esters 类别定义及化学母体/代表性化合物补全
239,BSBL 限制物质清单 v8.0,BSBL受限物质总表(1726条),ID-515,邻苯二甲酸二-C6-10烷基酯或癸基/己基/辛基混合二酯,"1,2-Benzenedicarboxylic acid, di-C6-10-alkyl esters or mixed decyl and hexyl and octyl diesters",原始值: 'Several' (标准CAS为空),68515-51-5 / 68648-93-1,基于 BSBL Plasticizers（增塑剂）— Phthalic acid esters 类别定义及化学母体/代表性化合物补全
240,BSBL 限制物质清单 v8.0,BSBL受限物质总表(1726条),ID-518,邻苯二甲酸二异壬酯（DINP）,Di-iso-nonyl phthalate (DINP),原始值: 'Several' (标准CAS为空),28553-12-0 / 68515-48-0,基于 BSBL Plasticizers（增塑剂）— Phthalic acid esters 类别定义及化学母体/代表性化合物补全
241,BSBL 限制物质清单 v8.0,BSBL受限物质总表(1726条),ID-521,邻苯二甲酸二异癸酯（DIDP）,Di-iso-decyl phthalate (DIDP),原始值: 'Several' (标准CAS为空),26761-40-0 / 68515-49-1,基于 BSBL Plasticizers（增塑剂）— Phthalic acid esters 类别定义及化学母体/代表性化合物补全
242,BSBL 限制物质清单 v8.0,BSBL受限物质总表(1726条),ID-524,多环芳烃（PAHs）,Polyaromatic hydrocarbons (PAHs),原始值: 'Several' (标准CAS为空),50-32-8 (苯并[a]芘基准) 等16项PAHs,基于 BSBL Polyaromatic hydrocarbons (PAHs) 多环芳烃 类别定义及化学母体/代表性化合物补全
243,BSBL 限制物质清单 v8.0,BSBL受限物质总表(1726条),ID-546,菲,Phenanthrene,原始值: '1985/1/8' (标准CAS为空),85-01-8,修复原始数据中被 Excel 误识别为日期的 CAS 号（原字符串: 1985/1/8）
244,BSBL 限制物质清单 v8.0,BSBL受限物质总表(1726条),ID-554,二氯甲烷,Dichloromethane,原始值: '1975/9/2' (标准CAS为空),75-09-2,修复原始数据中被 Excel 误识别为日期的 CAS 号（原字符串: 1975/9/2）
245,BSBL 限制物质清单 v8.0,BSBL受限物质总表(1726条),ID-567,三氯乙烯,Trichloroethylene,原始值: '1979/1/6' (标准CAS为空),79-01-6,修复原始数据中被 Excel 误识别为日期的 CAS 号（原字符串: 1979/1/6）
246,BSBL 限制物质清单 v8.0,BSBL受限物质总表(1726条),ID-570,氯代乙烷类（所有异构体）,"Chlorinated ethanes, all isomers",原始值: 'Several' (标准CAS为空),75-00-3 (氯乙烷) / 75-34-3 / 107-06-2,基于 BSBL Solvents（溶剂） 类别定义及化学母体/代表性化合物补全
247,BSBL 限制物质清单 v8.0,BSBL受限物质总表(1726条),ID-575,五氯乙烷,Pentachloroethane,原始值: '1976/1/7' (标准CAS为空),76-01-7,修复原始数据中被 Excel 误识别为日期的 CAS 号（原字符串: 1976/1/7）
248,BSBL 限制物质清单 v8.0,BSBL受限物质总表(1726条),ID-589,EDTA/DTPA及其盐,EDTA/DTPA and its salts,原始值: 'Several' (标准CAS为空),60-00-4 (EDTA) / 67-43-6 (DTPA),基于 BSBL Substances with usage restrictions but no consumer safety limits 有使用限制但无消费者安全限值的物质。 类别定义及化学母体/代表性化合物补全
249,BSBL 限制物质清单 v8.0,BSBL受限物质总表(1726条),ID-599,次氯酸盐/氯,Hypochlorite/Chlorine,原始值: 'Several' (标准CAS为空),7778-54-3 (次氯酸钙) / 7681-52-9 (次氯酸钠) / 7782-50-5 (氯气),基于 BSBL Substances with usage restrictions but no consumer safety limits 有使用限制但无消费者安全限值的物质。 类别定义及化学母体/代表性化合物补全
250,BSBL 限制物质清单 v8.0,BSBL受限物质总表(1726条),ID-604,膦酸盐及其盐,Phosphonates and salts,原始值: 'Several' (标准CAS为空),6419-19-8 (ATMP) / 2809-21-4 (HEDP),基于 BSBL Phosphonates and salts（膦酸盐及其盐） 类别定义及化学母体/代表性化合物补全
251,BSBL 限制物质清单 v8.0,BSBL受限物质总表(1726条),ID-612,甲基锡化合物,Methyltin compounds,原始值: 'Several' (标准CAS为空),993-16-8 (基准三氯甲基锡母核),基于 BSBL Tin-organic Compounds（有机锡化合物） 类别定义及化学母体/代表性化合物补全
252,BSBL 限制物质清单 v8.0,BSBL受限物质总表(1726条),ID-613,单甲基锡化合物（MMT）,Monomethyltin compounds,原始值: 'Several' (标准CAS为空),993-16-8 (三氯甲基锡),基于 BSBL Tin-organic Compounds（有机锡化合物） 类别定义及化学母体/代表性化合物补全
253,BSBL 限制物质清单 v8.0,BSBL受限物质总表(1726条),ID-614,二甲基锡化合物（DMT）,Dimethyltin compounds,原始值: 'Several' (标准CAS为空),753-73-1 (二氯二甲基锡),基于 BSBL Tin-organic Compounds（有机锡化合物） 类别定义及化学母体/代表性化合物补全
254,BSBL 限制物质清单 v8.0,BSBL受限物质总表(1726条),ID-615,三甲基锡化合物（TMT）,Trimethyltin compounds,原始值: 'Several' (标准CAS为空),1066-45-1 (三甲基氯化锡),基于 BSBL Tin-organic Compounds（有机锡化合物） 类别定义及化学母体/代表性化合物补全
255,BSBL 限制物质清单 v8.0,BSBL受限物质总表(1726条),ID-616,乙基锡化合物,Ethyltin compounds,原始值: 'Several' (标准CAS为空),597-64-8 (四乙基锡母核),基于 BSBL Tin-organic Compounds（有机锡化合物） 类别定义及化学母体/代表性化合物补全
256,BSBL 限制物质清单 v8.0,BSBL受限物质总表(1726条),ID-617,四乙基锡化合物（TeET）,Tetraethyltin compounds,原始值: 'Several' (标准CAS为空),597-64-8 (四乙基锡),基于 BSBL Tin-organic Compounds（有机锡化合物） 类别定义及化学母体/代表性化合物补全
257,BSBL 限制物质清单 v8.0,BSBL受限物质总表(1726条),ID-618,丙基锡化合物,Propyltin compounds,原始值: 'Several' (标准CAS为空),867-36-7 (基准二氯二丙基锡母核),基于 BSBL Tin-organic Compounds（有机锡化合物） 类别定义及化学母体/代表性化合物补全
258,BSBL 限制物质清单 v8.0,BSBL受限物质总表(1726条),ID-619,二丙基锡化合物（DPT）,Dipropyltin compounds,原始值: 'Several' (标准CAS为空),867-36-7 (二氯二丙基锡),基于 BSBL Tin-organic Compounds（有机锡化合物） 类别定义及化学母体/代表性化合物补全
259,BSBL 限制物质清单 v8.0,BSBL受限物质总表(1726条),ID-620,三丙基锡化合物（TPT）,Tripropyltin compounds,原始值: 'Several' (标准CAS为空),2279-76-7 (三丙基氯化锡),基于 BSBL Tin-organic Compounds（有机锡化合物） 类别定义及化学母体/代表性化合物补全
260,BSBL 限制物质清单 v8.0,BSBL受限物质总表(1726条),ID-621,丁基锡化合物,Butyltin compounds,原始值: 'Several' (标准CAS为空),1118-46-3 (基准单丁基锡母核),基于 BSBL Tin-organic Compounds（有机锡化合物） 类别定义及化学母体/代表性化合物补全
261,BSBL 限制物质清单 v8.0,BSBL受限物质总表(1726条),ID-622,单丁基锡化合物（MBT）,Monobutyltin compounds,原始值: 'Several' (标准CAS为空),1118-46-3 (三氯单丁基锡),基于 BSBL Tin-organic Compounds（有机锡化合物） 类别定义及化学母体/代表性化合物补全
262,BSBL 限制物质清单 v8.0,BSBL受限物质总表(1726条),ID-623,二丁基锡化合物（DBT）,Dibutyltin compounds,原始值: 'Several' (标准CAS为空),683-18-1 (二氯二丁基锡) / 818-08-6 (氧化二丁基锡),基于 BSBL Tin-organic Compounds（有机锡化合物） 类别定义及化学母体/代表性化合物补全
263,BSBL 限制物质清单 v8.0,BSBL受限物质总表(1726条),ID-624,三丁基锡化合物（TBT）,Tributyltin compounds,原始值: 'Several' (标准CAS为空),56-35-9 (氧化三丁基锡) / 1461-22-9 (三丁基氯化锡),基于 BSBL Tin-organic Compounds（有机锡化合物） 类别定义及化学母体/代表性化合物补全
264,BSBL 限制物质清单 v8.0,BSBL受限物质总表(1726条),ID-625,四丁基锡化合物（TeBT）,Tetrabutyltin compounds,原始值: 'Several' (标准CAS为空),1461-25-2 (四丁基锡),基于 BSBL Tin-organic Compounds（有机锡化合物） 类别定义及化学母体/代表性化合物补全
265,BSBL 限制物质清单 v8.0,BSBL受限物质总表(1726条),ID-626,己基锡化合物,Hexyltin compounds,原始值: 'Several' (标准CAS为空),3091-32-5 (三环己基锡母核),基于 BSBL Tin-organic Compounds（有机锡化合物） 类别定义及化学母体/代表性化合物补全
266,BSBL 限制物质清单 v8.0,BSBL受限物质总表(1726条),ID-627,三环己基锡化合物（TCyHT）,Tricyclohexyltin compounds,原始值: 'Several' (标准CAS为空),3091-32-5 (三环己基氯化锡),基于 BSBL Tin-organic Compounds（有机锡化合物） 类别定义及化学母体/代表性化合物补全
267,BSBL 限制物质清单 v8.0,BSBL受限物质总表(1726条),ID-628,辛基锡化合物,Octyltin compounds,原始值: 'Several' (标准CAS为空),3091-25-6 (基准单辛基锡母核),基于 BSBL Tin-organic Compounds（有机锡化合物） 类别定义及化学母体/代表性化合物补全
268,BSBL 限制物质清单 v8.0,BSBL受限物质总表(1726条),ID-629,单辛基锡化合物（MOT）,Monooctyltin compounds,原始值: 'Several' (标准CAS为空),3091-25-6 (三氯单辛基锡),基于 BSBL Tin-organic Compounds（有机锡化合物） 类别定义及化学母体/代表性化合物补全
269,BSBL 限制物质清单 v8.0,BSBL受限物质总表(1726条),ID-630,二辛基锡化合物（DOT）,Dioctyltin compounds,原始值: 'Several' (标准CAS为空),3542-36-7 (二氯二辛基锡) / 3648-18-8 (二月桂酸二辛基锡),基于 BSBL Tin-organic Compounds（有机锡化合物） 类别定义及化学母体/代表性化合物补全
270,BSBL 限制物质清单 v8.0,BSBL受限物质总表(1726条),ID-631,三辛基锡化合物（TOT）,Trioctyltin compounds,原始值: 'Several' (标准CAS为空),2587-76-0 (三辛基氯化锡),基于 BSBL Tin-organic Compounds（有机锡化合物） 类别定义及化学母体/代表性化合物补全
271,BSBL 限制物质清单 v8.0,BSBL受限物质总表(1726条),ID-632,四辛基锡化合物（TeOT）,Tetraoctyltin compounds,原始值: 'Several' (标准CAS为空),3590-84-9 (四辛基锡),基于 BSBL Tin-organic Compounds（有机锡化合物） 类别定义及化学母体/代表性化合物补全
272,BSBL 限制物质清单 v8.0,BSBL受限物质总表(1726条),ID-633,苯基锡化合物,Phenyltin compounds,原始值: 'Several' (标准CAS为空),1124-19-2 (基准单苯基锡母核),基于 BSBL Tin-organic Compounds（有机锡化合物） 类别定义及化学母体/代表性化合物补全
273,BSBL 限制物质清单 v8.0,BSBL受限物质总表(1726条),ID-634,单苯基锡化合物（MPhT）,Monophenyltin compounds,原始值: 'Several' (标准CAS为空),1124-19-2 (三氯苯基锡),基于 BSBL Tin-organic Compounds（有机锡化合物） 类别定义及化学母体/代表性化合物补全
274,BSBL 限制物质清单 v8.0,BSBL受限物质总表(1726条),ID-635,二苯基锡化合物（DPhT）,Diphenyltin compounds,原始值: 'Several' (标准CAS为空),1135-99-5 (二氯二苯基锡),基于 BSBL Tin-organic Compounds（有机锡化合物） 类别定义及化学母体/代表性化合物补全
275,BSBL 限制物质清单 v8.0,BSBL受限物质总表(1726条),ID-636,三苯基锡化合物（TPhT）,Triphenyltin compounds,原始值: 'Several' (标准CAS为空),668-34-8 (三苯基锡) / 639-58-7 (三苯基氯化锡),基于 BSBL Tin-organic Compounds（有机锡化合物） 类别定义及化学母体/代表性化合物补全
276,BSBL 限制物质清单 v8.0,BSBL受限物质总表(1726条),ID-643,壬基酚聚氧乙烯醚（NPEO）,Nonylphenol ethoxylates (NPEO),原始值: 'Several' (标准CAS为空),9016-45-9 / 26027-38-3,基于 BSBL (1) Alkylphenolethoxylates (APEOs) 烷基酚聚氧乙烯醚 类别定义及化学母体/代表性化合物补全
277,BSBL 限制物质清单 v8.0,BSBL受限物质总表(1726条),ID-714,辛基酚聚氧乙烯醚（OPEO）,Octylphenol ethoxylates (OPEO),原始值: 'Several' (标准CAS为空),9002-93-1 / 9036-19-5,基于 BSBL (2) APEOs（续）+ Alkylphenols（APs）开始 类别定义及化学母体/代表性化合物补全
278,BSBL 限制物质清单 v8.0,BSBL受限物质总表(1726条),ID-725,"4-(1,1,3,3-四甲基丁基)苯酚乙氧基化物","4-(1,1,3,3-Tetramethylbutyl)phenol, ethoxylated…",原始值: 'Several' (标准CAS为空),9002-93-1 / 9036-19-5,基于 BSBL (2) APEOs（续）+ Alkylphenols（APs）开始 类别定义及化学母体/代表性化合物补全
279,BSBL 限制物质清单 v8.0,BSBL受限物质总表(1726条),ID-737,支链和直链4-庚基酚,"4-Heptylphenol, branched and linear",原始值: 'Several' (标准CAS为空),1987-50-4 / 72624-02-3,基于 BSBL (2) APEOs（续）+ Alkylphenols（APs）开始 类别定义及化学母体/代表性化合物补全
280,BSBL 限制物质清单 v8.0,BSBL受限物质总表(1726条),ID-740,辛基酚（混合异构体）,"Octylphenol (OP), mixed isomers",原始值: 'Several' (标准CAS为空),27193-28-8 / 140-66-9,基于 BSBL (3) Alkylphenols（APs）+ Arylamines（芳胺） 类别定义及化学母体/代表性化合物补全
281,BSBL 限制物质清单 v8.0,BSBL受限物质总表(1726条),ID-744,壬基酚（NP，混合异构体）,"Nonylphenol (NP), mixed isomers",原始值: 'Several' (标准CAS为空),25154-52-3 / 84852-15-3 / 104-40-5,基于 BSBL (3) Alkylphenols（APs）+ Arylamines（芳胺） 类别定义及化学母体/代表性化合物补全
282,BSBL 限制物质清单 v8.0,BSBL受限物质总表(1726条),ID-748,4-壬基酚（支链和直链）,"4-Nonylphenol, branched and linear",原始值: 'Several' (标准CAS为空),84852-15-3 / 104-40-5,基于 BSBL (3) Alkylphenols（APs）+ Arylamines（芳胺） 类别定义及化学母体/代表性化合物补全
283,BSBL 限制物质清单 v8.0,BSBL受限物质总表(1726条),ID-770,邻氨基偶氮甲苯及其盐,o-Aminoazotoluene and its salts,原始值: 'Several' (标准CAS为空),97-56-3,基于 BSBL (3) Alkylphenols（APs）+ Arylamines（芳胺） 类别定义及化学母体/代表性化合物补全
284,BSBL 限制物质清单 v8.0,BSBL受限物质总表(1726条),ID-772,对氨基偶氮苯及其盐,p-Aminoazobenzene and its salts,原始值: 'Several' (标准CAS为空),60-09-3,基于 BSBL (3) Alkylphenols（APs）+ Arylamines（芳胺） 类别定义及化学母体/代表性化合物补全
285,BSBL 限制物质清单 v8.0,BSBL受限物质总表(1726条),ID-773,对氨基偶氮苯,p-Aminoazobenzene,原始值: '1960/9/3' (标准CAS为空),60-09-3,修复原始数据中被 Excel 误识别为日期的 CAS 号（原字符串: 1960/9/3）
286,BSBL 限制物质清单 v8.0,BSBL受限物质总表(1726条),ID-774,4-氨基联苯及其盐,4-Aminobiphenyl and its salts,原始值: 'Several' (标准CAS为空),92-67-1 / 2113-61-3 (盐酸盐),基于 BSBL (3) Alkylphenols（APs）+ Arylamines（芳胺） 类别定义及化学母体/代表性化合物补全
287,BSBL 限制物质清单 v8.0,BSBL受限物质总表(1726条),ID-776,6-氨基-2-乙氧基萘及其盐,6-Amino-2-ethoxynaphthalene and its salts,原始值: 'Several' (标准CAS为空),293733-21-8,基于 BSBL (3) Alkylphenols（APs）+ Arylamines（芳胺） 类别定义及化学母体/代表性化合物补全
288,BSBL 限制物质清单 v8.0,BSBL受限物质总表(1726条),ID-778,4-氨基-3-氟苯酚及其盐,4-Amino-3-fluorophenol and its salts,原始值: 'Several' (标准CAS为空),399-95-1,基于 BSBL (3) Alkylphenols（APs）+ Arylamines（芳胺） 类别定义及化学母体/代表性化合物补全
289,BSBL 限制物质清单 v8.0,BSBL受限物质总表(1726条),ID-780,4-氯苯胺及其盐,4-Chloroaniline and its salts,原始值: 'Several' (标准CAS为空),106-47-8 / 20265-96-7 (盐酸盐),基于 BSBL (3) Alkylphenols（APs）+ Arylamines（芳胺） 类别定义及化学母体/代表性化合物补全
290,BSBL 限制物质清单 v8.0,BSBL受限物质总表(1726条),ID-782,"2,4-二氨基苯甲醚及其盐","2,4-Diaminoanisole and its salts",原始值: 'Several' (标准CAS为空),615-05-4 / 39156-41-7 (硫酸盐),基于 BSBL (3) Alkylphenols（APs）+ Arylamines（芳胺） 类别定义及化学母体/代表性化合物补全
291,BSBL 限制物质清单 v8.0,BSBL受限物质总表(1726条),ID-785,"4,4'-二氨基二苯甲烷及其盐","4,4'-Diaminodiphenylmethane and its salts",原始值: 'Several' (标准CAS为空),101-77-9 / 13552-44-8 (二盐酸盐),基于 BSBL (4)  Arylamines（芳胺，续） 类别定义及化学母体/代表性化合物补全
292,BSBL 限制物质清单 v8.0,BSBL受限物质总表(1726条),ID-787,"2,4-二氨基甲苯及其盐","2,4-Diaminotoluene and its salts",原始值: 'Several' (标准CAS为空),95-80-7 / 636-23-7 (二盐酸盐),基于 BSBL (4)  Arylamines（芳胺，续） 类别定义及化学母体/代表性化合物补全
293,BSBL 限制物质清单 v8.0,BSBL受限物质总表(1726条),ID-789,"4,4'-亚甲基双(2-氯苯胺)及其盐","4,4'-Methylenebis-(2-chloraniline) and its salts",原始值: 'Several' (标准CAS为空),101-14-4,基于 BSBL (4)  Arylamines（芳胺，续） 类别定义及化学母体/代表性化合物补全
294,BSBL 限制物质清单 v8.0,BSBL受限物质总表(1726条),ID-791,2-萘胺及其盐,2-Naphthylamine and its salts,原始值: 'Several' (标准CAS为空),91-59-8 / 612-52-2 (盐酸盐) / 553-00-4 (乙酸盐),基于 BSBL (4)  Arylamines（芳胺，续） 类别定义及化学母体/代表性化合物补全
295,BSBL 限制物质清单 v8.0,BSBL受限物质总表(1726条),ID-795,茴香胺及其盐,Anisidines and its salts,原始值: 'Several' (标准CAS为空),90-04-0 / 29191-52-4,基于 BSBL (4)  Arylamines（芳胺，续） 类别定义及化学母体/代表性化合物补全
296,BSBL 限制物质清单 v8.0,BSBL受限物质总表(1726条),ID-796,邻茴香胺及其盐,2-Anisidine and its salts,原始值: 'Several' (标准CAS为空),90-04-0,基于 BSBL (4)  Arylamines（芳胺，续） 类别定义及化学母体/代表性化合物补全
297,BSBL 限制物质清单 v8.0,BSBL受限物质总表(1726条),ID-799,联苯胺及其盐,Benzidines and its salts,原始值: 'Several' (标准CAS为空),92-87-5 / 531-85-1 (二盐酸盐) / 531-86-2 (硫酸盐),基于 BSBL (4)  Arylamines（芳胺，续） 类别定义及化学母体/代表性化合物补全
298,BSBL 限制物质清单 v8.0,BSBL受限物质总表(1726条),ID-805,"3,3'-二甲基联苯胺及其盐","3,3'-Dimethylbenzidine and its salts",原始值: 'Several' (标准CAS为空),119-93-7 / 612-82-8 (二盐酸盐),基于 BSBL (4)  Arylamines（芳胺，续） 类别定义及化学母体/代表性化合物补全
299,BSBL 限制物质清单 v8.0,BSBL受限物质总表(1726条),ID-807,"3,3'-二氯联苯胺及其盐","3,3'-Dichlorobenzidine and its salts",原始值: 'Several' (标准CAS为空),91-94-1 / 612-83-9 (二盐酸盐),基于 BSBL (4)  Arylamines（芳胺，续） 类别定义及化学母体/代表性化合物补全
300,BSBL 限制物质清单 v8.0,BSBL受限物质总表(1726条),ID-809,邻联茴香胺及其盐,o-Dianisidines and its salts,原始值: 'Several' (标准CAS为空),119-90-4 / 20325-40-0 (二盐酸盐),基于 BSBL (4)  Arylamines（芳胺，续） 类别定义及化学母体/代表性化合物补全
301,BSBL 限制物质清单 v8.0,BSBL受限物质总表(1726条),ID-811,二苯胺类及其盐,Dianilines and its salts,原始值: 'Several' (标准CAS为空),122-39-4 (二苯胺母体),基于 BSBL (4)  Arylamines（芳胺，续） 类别定义及化学母体/代表性化合物补全
302,BSBL 限制物质清单 v8.0,BSBL受限物质总表(1726条),ID-812,"4,4'-二氨基二苯醚及其盐","4,4'-Oxydianiline and its salts",原始值: 'Several' (标准CAS为空),101-80-4,基于 BSBL (4)  Arylamines（芳胺，续） 类别定义及化学母体/代表性化合物补全
303,BSBL 限制物质清单 v8.0,BSBL受限物质总表(1726条),ID-814,"4,4'-硫代二苯胺及其盐","4,4'-Thiodianiline and its salts",原始值: 'Several' (标准CAS为空),139-65-1,基于 BSBL (4)  Arylamines（芳胺，续） 类别定义及化学母体/代表性化合物补全
304,BSBL 限制物质清单 v8.0,BSBL受限物质总表(1726条),ID-816,甲苯胺及其盐,Toluidines and its salts,原始值: 'Several' (标准CAS为空),95-53-4 (邻) / 106-49-0 (对) / 108-44-1 (间),基于 BSBL (4)  Arylamines（芳胺，续） 类别定义及化学母体/代表性化合物补全
305,BSBL 限制物质清单 v8.0,BSBL受限物质总表(1726条),ID-817,对甲氧基间甲苯胺及其盐（p-Cresidine）,p-Cresidine and its salts,原始值: 'Several' (标准CAS为空),120-71-8,基于 BSBL (4)  Arylamines（芳胺，续） 类别定义及化学母体/代表性化合物补全
306,BSBL 限制物质清单 v8.0,BSBL受限物质总表(1726条),ID-819,间甲苯胺及其盐,m-Toluidine and its salts,原始值: 'Several' (标准CAS为空),108-44-1 / 638-03-9 (盐酸盐),基于 BSBL (4)  Arylamines（芳胺，续） 类别定义及化学母体/代表性化合物补全
307,BSBL 限制物质清单 v8.0,BSBL受限物质总表(1726条),ID-822,邻甲苯胺及其盐,o-Toluidine and its salts,原始值: 'Several' (标准CAS为空),95-53-4 / 636-21-5 (盐酸盐),基于 BSBL (4)  Arylamines（芳胺，续） 类别定义及化学母体/代表性化合物补全
308,BSBL 限制物质清单 v8.0,BSBL受限物质总表(1726条),ID-824,对甲苯胺及其盐,p-Toluidine and its salts,原始值: 'Several' (标准CAS为空),106-49-0 / 540-23-8 (盐酸盐),基于 BSBL (4)  Arylamines（芳胺，续） 类别定义及化学母体/代表性化合物补全
309,BSBL 限制物质清单 v8.0,BSBL受限物质总表(1726条),ID-826,"4,4'-亚甲基二邻甲苯胺及其盐","4,4'-Methylenedi-o-toluidine and its salts",原始值: 'Several' (标准CAS为空),838-88-0,基于 BSBL (4)  Arylamines（芳胺，续） 类别定义及化学母体/代表性化合物补全
310,BSBL 限制物质清单 v8.0,BSBL受限物质总表(1726条),ID-828,硝基甲苯胺及其盐,Nitrotoluidines and its salts,原始值: 'Several' (标准CAS为空),99-55-8 (2-氨基-4-硝基甲苯基准),基于 BSBL (4)  Arylamines（芳胺，续） 类别定义及化学母体/代表性化合物补全
311,BSBL 限制物质清单 v8.0,BSBL受限物质总表(1726条),ID-829,2-氨基-4-硝基甲苯及其盐,2-Amino-4-nitrotoluene and its salts,原始值: 'Several' (标准CAS为空),99-55-8,基于 BSBL (4)  Arylamines（芳胺，续） 类别定义及化学母体/代表性化合物补全
312,BSBL 限制物质清单 v8.0,BSBL受限物质总表(1726条),ID-831,氯甲苯胺及其盐,Chlorotoluidines and its salts,原始值: 'Several' (标准CAS为空),95-69-2 (4-氯-2-甲苯胺基准),基于 BSBL (4)  Arylamines（芳胺，续） 类别定义及化学母体/代表性化合物补全
313,BSBL 限制物质清单 v8.0,BSBL受限物质总表(1726条),ID-832,4-氯-2-甲苯胺及其盐,4-Chloro-2-toluidine and its salts,原始值: 'Several' (标准CAS为空),95-69-2 / 3165-93-3 (盐酸盐),基于 BSBL (4)  Arylamines（芳胺，续） 类别定义及化学母体/代表性化合物补全
314,BSBL 限制物质清单 v8.0,BSBL受限物质总表(1726条),ID-835,三甲基苯胺及其盐,Trimethylanilines and its salts,原始值: 'Several' (标准CAS为空),"137-17-7 (2,4,5-三甲基苯胺基准)",基于 BSBL (5) Arylamines（续）+ Chlorinated Benzenes and Toluenes 类别定义及化学母体/代表性化合物补全
315,BSBL 限制物质清单 v8.0,BSBL受限物质总表(1726条),ID-836,"2,4,5-三甲基苯胺及其盐","2,4,5-Trimethylaniline and its salts",原始值: 'Several' (标准CAS为空),137-17-7 / 21436-97-5 (盐酸盐),基于 BSBL (5) Arylamines（续）+ Chlorinated Benzenes and Toluenes 类别定义及化学母体/代表性化合物补全
316,BSBL 限制物质清单 v8.0,BSBL受限物质总表(1726条),ID-839,二甲基苯胺及其盐,Xylidines and its salts,原始值: 'Several' (标准CAS为空),"95-68-1 (2,4-二甲基苯胺基准)",基于 BSBL (5) Arylamines（续）+ Chlorinated Benzenes and Toluenes 类别定义及化学母体/代表性化合物补全
317,BSBL 限制物质清单 v8.0,BSBL受限物质总表(1726条),ID-840,"2,4-二甲基苯胺及其盐","2,4-Xylidine and its salts",原始值: 'Several' (标准CAS为空),95-68-1 / 21436-96-4 (盐酸盐),基于 BSBL (5) Arylamines（续）+ Chlorinated Benzenes and Toluenes 类别定义及化学母体/代表性化合物补全
318,BSBL 限制物质清单 v8.0,BSBL受限物质总表(1726条),ID-842,"2,6-二甲基苯胺及其盐","2,6-Xylidine and its salts",原始值: 'Several' (标准CAS为空),87-62-7 / 21436-98-6 (盐酸盐),基于 BSBL (5) Arylamines（续）+ Chlorinated Benzenes and Toluenes 类别定义及化学母体/代表性化合物补全
319,BSBL 限制物质清单 v8.0,BSBL受限物质总表(1726条),ID-844,氯代苯类,Chlorinated Benzenes,原始值: 'Several' (标准CAS为空),108-90-7 (氯苯类基准),基于 BSBL (5) Arylamines（续）+ Chlorinated Benzenes and Toluenes 类别定义及化学母体/代表性化合物补全
320,BSBL 限制物质清单 v8.0,BSBL受限物质总表(1726条),ID-845,二氯苯（所有异构体）,"Dichlorobenzenes, all isomers",原始值: 'Several' (标准CAS为空),25321-22-6 (混合) / 95-50-1 (邻) / 106-46-7 (对),基于 BSBL (5) Arylamines（续）+ Chlorinated Benzenes and Toluenes 类别定义及化学母体/代表性化合物补全
321,BSBL 限制物质清单 v8.0,BSBL受限物质总表(1726条),ID-849,三氯苯（所有异构体）,"Trichlorobenzenes, all isomers",原始值: 'Several' (标准CAS为空),12002-48-1 (混合) / 120-82-1 / 87-61-6,基于 BSBL (5) Arylamines（续）+ Chlorinated Benzenes and Toluenes 类别定义及化学母体/代表性化合物补全
322,BSBL 限制物质清单 v8.0,BSBL受限物质总表(1726条),ID-853,四氯苯（所有异构体）,"Tetrachlorobenzenes, all isomers",原始值: 'Several' (标准CAS为空),12408-10-5 (混合) / 634-66-2 / 95-94-3,基于 BSBL (5) Arylamines（续）+ Chlorinated Benzenes and Toluenes 类别定义及化学母体/代表性化合物补全
323,BSBL 限制物质清单 v8.0,BSBL受限物质总表(1726条),ID-857,氯代甲苯类,Chlorinated Toluenes,原始值: 'Several' (标准CAS为空),25168-05-2 (氯甲苯基准),基于 BSBL (5) Arylamines（续）+ Chlorinated Benzenes and Toluenes 类别定义及化学母体/代表性化合物补全
324,BSBL 限制物质清单 v8.0,BSBL受限物质总表(1726条),ID-858,一氯甲苯（所有异构体）,"Monochlorotoluenes, all isomers",原始值: 'Several' (标准CAS为空),25168-05-2 (混合) / 95-49-8 (邻) / 106-43-4 (对),基于 BSBL (5) Arylamines（续）+ Chlorinated Benzenes and Toluenes 类别定义及化学母体/代表性化合物补全
325,BSBL 限制物质清单 v8.0,BSBL受限物质总表(1726条),ID-862,二氯甲苯（所有异构体）,"Dichlorotoluenes, all isomers",原始值: 'Several' (标准CAS为空),29797-40-8 (混合) / 95-73-8 / 19398-61-9,基于 BSBL (5) Arylamines（续）+ Chlorinated Benzenes and Toluenes 类别定义及化学母体/代表性化合物补全
326,BSBL 限制物质清单 v8.0,BSBL受限物质总表(1726条),ID-869,三氯甲苯（所有异构体）,"Trichlorotoluenes, all isomers",原始值: 'Several' (标准CAS为空),2077-46-5 (混合) / 2077-47-6,基于 BSBL (5) Arylamines（续）+ Chlorinated Benzenes and Toluenes 类别定义及化学母体/代表性化合物补全
327,BSBL 限制物质清单 v8.0,BSBL受限物质总表(1726条),ID-875,"α,α,α-三氯甲苯（三氯甲基苯）","a,a,a-Trichlorotoluene",原始值: '1998/7/7' (标准CAS为空),98-07-7,修复原始数据中被 Excel 误识别为日期的 CAS 号（原字符串: 1998/7/7）
328,BSBL 限制物质清单 v8.0,BSBL受限物质总表(1726条),ID-876,四氯甲苯（所有异构体）,"Tetrachlorotoluenes, all isomers",原始值: 'Several' (标准CAS为空),875-40-1 (混合) / 1006-31-1,基于 BSBL (5) Arylamines（续）+ Chlorinated Benzenes and Toluenes 类别定义及化学母体/代表性化合物补全
329,BSBL 限制物质清单 v8.0,BSBL受限物质总表(1726条),ID-882,因其他原因禁用的着色剂,Colorants banned for other reasons,原始值: 'Several' (标准CAS为空),环境与健康禁用着色剂大类管控,基于 BSBL （6） Chlorinated Benzenes and Toluenes + Colorants 类别定义及化学母体/代表性化合物补全
330,BSBL 限制物质清单 v8.0,BSBL受限物质总表(1726条),ID-883,海军蓝复合着色剂,Navy Blue: A mixture of … chromate complexes,原始值: 'Several' (标准CAS为空),118685-33-9 (EC 405-665-4),基于 BSBL （6） Chlorinated Benzenes and Toluenes + Colorants 类别定义及化学母体/代表性化合物补全
331,BSBL 限制物质清单 v8.0,BSBL受限物质总表(1726条),ID-885,可裂解产生致癌胺的着色剂,Colorants which can cleave in carcinogenic amines,原始值: 'Several' (标准CAS为空),可裂解致癌芳香胺偶氮染料组 (REACH附录XVII第43条),基于 BSBL （6） Chlorinated Benzenes and Toluenes + Colorants 类别定义及化学母体/代表性化合物补全
332,BSBL 限制物质清单 v8.0,BSBL受限物质总表(1726条),ID-891,酸性黑232,Acid Black 232,原始值: '—' (标准CAS为空),C.I. 30334 (释放联苯胺 92-87-5),基于 BSBL （6） Chlorinated Benzenes and Toluenes + Colorants 类别定义及化学母体/代表性化合物补全
333,BSBL 限制物质清单 v8.0,BSBL受限物质总表(1726条),ID-900,酸性红104,Acid Red 104,原始值: '8006/6/2' (标准CAS为空),8006-06-2,修复原始数据中被 Excel 误识别为日期的 CAS 号（原字符串: 8006/6/2）
334,BSBL 限制物质清单 v8.0,BSBL受限物质总表(1726条),ID-912,酸性红420,Acid Red 420,原始值: '—' (标准CAS为空),受限偶氮染料组 (无单一CAS),基于 BSBL （6） Chlorinated Benzenes and Toluenes + Colorants 类别定义及化学母体/代表性化合物补全
335,BSBL 限制物质清单 v8.0,BSBL受限物质总表(1726条),ID-918,碱性红114,Basic Red 114,原始值: '—' (标准CAS为空),6459-94-5 (同类受限 Acid Red 114),基于 BSBL （6） Chlorinated Benzenes and Toluenes + Colorants 类别定义及化学母体/代表性化合物补全
336,BSBL 限制物质清单 v8.0,BSBL受限物质总表(1726条),ID-920,碱性黄103,Basic Yellow 103,原始值: '—' (标准CAS为空),61968-65-8,基于 BSBL （6） Chlorinated Benzenes and Toluenes + Colorants 类别定义及化学母体/代表性化合物补全
337,BSBL 限制物质清单 v8.0,BSBL受限物质总表(1726条),ID-924,直接蓝1,Direct Blue 1,原始值: '2610/5/1' (标准CAS为空),2610-05-1,修复原始数据中被 Excel 误识别为日期的 CAS 号（原字符串: 2610/5/1）
338,BSBL 限制物质清单 v8.0,BSBL受限物质总表(1726条),ID-932,直接蓝21,Direct Blue 21,原始值: '6420/9/3' (标准CAS为空),6420-09-3,修复原始数据中被 Excel 误识别为日期的 CAS 号（原字符串: 6420/9/3）
339,BSBL 限制物质清单 v8.0,BSBL受限物质总表(1726条),ID-943,直接蓝306,Direct Blue 306,原始值: '—' (标准CAS为空),C.I. 24203 (释放邻联茴香胺 119-90-4),基于 BSBL （6） Chlorinated Benzenes and Toluenes + Colorants 类别定义及化学母体/代表性化合物补全
340,BSBL 限制物质清单 v8.0,BSBL受限物质总表(1726条),ID-961,直接绿6,Direct Green 6,原始值: '4335/9/5' (标准CAS为空),4335-09-5,修复原始数据中被 Excel 误识别为日期的 CAS 号（原字符串: 4335/9/5）
341,BSBL 限制物质清单 v8.0,BSBL受限物质总表(1726条),ID-977,直接红21,Direct Red 21,原始值: '6406/1/5' (标准CAS为空),6406-01-5,修复原始数据中被 Excel 误识别为日期的 CAS 号（原字符串: 6406/1/5）
342,BSBL 限制物质清单 v8.0,BSBL受限物质总表(1726条),ID-1014,二噁英和呋喃—第3组,Dioxins and Furans - Group 3,原始值: 'Several' (标准CAS为空),"39227-28-6 (1,2,3,4,7,8-HxCDD基准)",基于 BSBL （7）Colorants（续）+ Dioxins and Furans 类别定义及化学母体/代表性化合物补全
343,BSBL 限制物质清单 v8.0,BSBL受限物质总表(1726条),ID-1020,二噁英和呋喃—第1和第2组,Dioxins and Furans - Group 1 and 2,原始值: 'Several' (标准CAS为空),1746-01-6 / 40321-76-4,基于 BSBL （7）Colorants（续）+ Dioxins and Furans 类别定义及化学母体/代表性化合物补全
344,BSBL 限制物质清单 v8.0,BSBL受限物质总表(1726条),ID-1021,二噁英和呋喃—第1组,Dioxins and Furans - Group 1,原始值: 'Several' (标准CAS为空),"1746-01-6 (2,3,7,8-TCDD基准)",基于 BSBL （8）  Dioxins and Furans + Enzymes + Flame retardants 类别定义及化学母体/代表性化合物补全
345,BSBL 限制物质清单 v8.0,BSBL受限物质总表(1726条),ID-1026,二噁英和呋喃—第2组,Dioxins and Furans - Group 2,原始值: 'Several' (标准CAS为空),"40321-76-4 (1,2,3,7,8-PeCDD基准)",基于 BSBL （8）  Dioxins and Furans + Enzymes + Flame retardants 类别定义及化学母体/代表性化合物补全
346,BSBL 限制物质清单 v8.0,BSBL受限物质总表(1726条),ID-1035,二噁英和呋喃—第4和第5组,Dioxins and Furans - Group 4 and 5,原始值: 'Several' (标准CAS为空),51207-31-9 / 57117-41-6,基于 BSBL （8）  Dioxins and Furans + Enzymes + Flame retardants 类别定义及化学母体/代表性化合物补全
347,BSBL 限制物质清单 v8.0,BSBL受限物质总表(1726条),ID-1036,二噁英和呋喃—第4组,Dioxins and Furans - Group 4,原始值: 'Several' (标准CAS为空),"51207-31-9 (2,3,7,8-TCDF基准)",基于 BSBL （8）  Dioxins and Furans + Enzymes + Flame retardants 类别定义及化学母体/代表性化合物补全
348,BSBL 限制物质清单 v8.0,BSBL受限物质总表(1726条),ID-1041,二噁英和呋喃—第5组,Dioxins and Furans - Group 5,原始值: 'Several' (标准CAS为空),"57117-41-6 (1,2,3,7,8-PeCDF基准)",基于 BSBL （8）  Dioxins and Furans + Enzymes + Flame retardants 类别定义及化学母体/代表性化合物补全
349,BSBL 限制物质清单 v8.0,BSBL受限物质总表(1726条),ID-1046,工业用酶,"Enzymes, industrial",原始值: 'Several' (标准CAS为空),9014-01-1 (枯草杆菌蛋白酶等工业酶制剂),基于 BSBL （8）  Dioxins and Furans + Enzymes + Flame retardants 类别定义及化学母体/代表性化合物补全
350,BSBL 限制物质清单 v8.0,BSBL受限物质总表(1726条),ID-1052,枯草杆菌蛋白酶,Subtilisin,原始值: '9014/1/1' (标准CAS为空),9014-01-1,修复原始数据中被 Excel 误识别为日期的 CAS 号（原字符串: 9014/1/1）
351,BSBL 限制物质清单 v8.0,BSBL受限物质总表(1726条),ID-1053,六溴环十二烷（所有异构体）,"Hexabromocyclododecan, all isomers",原始值: 'Several' (标准CAS为空),25637-99-4 / 3194-55-6,基于 BSBL （8）  Dioxins and Furans + Enzymes + Flame retardants 类别定义及化学母体/代表性化合物补全
352,BSBL 限制物质清单 v8.0,BSBL受限物质总表(1726条),ID-1063,多溴二苯醚,Polybrominated diphenyl ethers,原始值: 'Several' (标准CAS为空),1163-19-5 (十溴二苯醚等代表性CAS),基于 BSBL （8）  Dioxins and Furans + Enzymes + Flame retardants 类别定义及化学母体/代表性化合物补全
353,BSBL 限制物质清单 v8.0,BSBL受限物质总表(1726条),ID-1064,一溴二苯醚,Monobromodiphenyl ether (MonoBDE),原始值: 'Several' (标准CAS为空),101-55-3 (4-溴二苯醚) / 7025-06-1 (2-溴二苯醚),基于 BSBL （8）  Dioxins and Furans + Enzymes + Flame retardants 类别定义及化学母体/代表性化合物补全
354,BSBL 限制物质清单 v8.0,BSBL受限物质总表(1726条),ID-1065,2-溴二苯醚,2-Bromodiphenyl ether,原始值: '7025/6/1' (标准CAS为空),7025-06-1,修复原始数据中被 Excel 误识别为日期的 CAS 号（原字符串: 7025/6/1）
355,BSBL 限制物质清单 v8.0,BSBL受限物质总表(1726条),ID-1078,全氟碳化合物,Perfluorocarbons,原始值: 'Several' (标准CAS为空),PFCs完全氟化烷烃类目管控,基于 BSBL （9) Flame retardants + Greenhouse Gases + Halogenated Biphenyls 类别定义及化学母体/代表性化合物补全
356,BSBL 限制物质清单 v8.0,BSBL受限物质总表(1726条),ID-1088,氢氟碳化物,Hydrofluorocarbons,原始值: 'Several' (标准CAS为空),HFCs氢氟烃类目管控,基于 BSBL （9) Flame retardants + Greenhouse Gases + Halogenated Biphenyls 类别定义及化学母体/代表性化合物补全
357,BSBL 限制物质清单 v8.0,BSBL受限物质总表(1726条),ID-1319,多氯萘,Polychlorinated Naphthalenes,原始值: 'Several' (标准CAS为空),70776-03-3 (PCNs混合物基准CAS),基于 BSBL （11） 八/九/十氯联苯 + 多氯萘 + Metals（金属）开始 类别定义及化学母体/代表性化合物补全
358,BSBL 限制物质清单 v8.0,BSBL受限物质总表(1726条),ID-1328,砷及其盐和化合物,"Arsenic, its salts and compounds",原始值: 'Several' (标准CAS为空),7440-38-2 (砷单质及砷盐化合物),基于 BSBL （11） 八/九/十氯联苯 + 多氯萘 + Metals（金属）开始 类别定义及化学母体/代表性化合物补全
359,BSBL 限制物质清单 v8.0,BSBL受限物质总表(1726条),ID-1330,镉及其盐和化合物,"Cadmium, its salts and compounds",原始值: 'Several' (标准CAS为空),7440-43-9 (镉单质及镉盐化合物),基于 BSBL （11） 八/九/十氯联苯 + 多氯萘 + Metals（金属）开始 类别定义及化学母体/代表性化合物补全
360,BSBL 限制物质清单 v8.0,BSBL受限物质总表(1726条),ID-1332,六价铬及其盐和化合物,"Chromium VI, its salts and compounds",原始值: 'Several' (标准CAS为空),18540-29-9 (六价铬离子及各类铬酸盐),基于 BSBL （11） 八/九/十氯联苯 + 多氯萘 + Metals（金属）开始 类别定义及化学母体/代表性化合物补全
361,BSBL 限制物质清单 v8.0,BSBL受限物质总表(1726条),ID-1333,重铬酸铵,Ammonium dichromate,原始值: '7789/9/5' (标准CAS为空),7789-09-5,修复原始数据中被 Excel 误识别为日期的 CAS 号（原字符串: 7789/9/5）
362,BSBL 限制物质清单 v8.0,BSBL受限物质总表(1726条),ID-1343,铬酸锶,Strontium chromate,原始值: '7789/6/2' (标准CAS为空),7789-06-2,修复原始数据中被 Excel 误识别为日期的 CAS 号（原字符串: 7789/6/2）
363,BSBL 限制物质清单 v8.0,BSBL受限物质总表(1726条),ID-1345,由三氧化铬生成的酸及其低聚物,Acids generated from chromium trioxide and their oligomers,原始值: 'Several' (标准CAS为空),7738-94-5 / 13530-68-2,基于 BSBL （11） 八/九/十氯联苯 + 多氯萘 + Metals（金属）开始 类别定义及化学母体/代表性化合物补全
364,BSBL 限制物质清单 v8.0,BSBL受限物质总表(1726条),ID-1348,铬酸和重铬酸低聚物,Oligomers of chromic acid and dichromic acid,原始值: '—' (标准CAS为空),7738-94-5 / 13530-68-2,基于 BSBL （11） 八/九/十氯联苯 + 多氯萘 + Metals（金属）开始 类别定义及化学母体/代表性化合物补全
365,BSBL 限制物质清单 v8.0,BSBL受限物质总表(1726条),ID-1349,重铬酸钠衍生物,Sodium dichromate derivatives,原始值: 'Several' (标准CAS为空),10588-01-9,基于 BSBL （11） 八/九/十氯联苯 + 多氯萘 + Metals（金属）开始 类别定义及化学母体/代表性化合物补全
366,BSBL 限制物质清单 v8.0,BSBL受限物质总表(1726条),ID-1352,铅及其盐和化合物,"Lead, its salts and compounds",原始值: 'Several' (标准CAS为空),7439-92-1 (铅单质及铅盐化合物),基于 BSBL （11） 八/九/十氯联苯 + 多氯萘 + Metals（金属）开始 类别定义及化学母体/代表性化合物补全
367,BSBL 限制物质清单 v8.0,BSBL受限物质总表(1726条),ID-1382,汞及其盐和化合物,"Mercury, its salts and compounds",原始值: 'Several' (标准CAS为空),7439-97-6 (汞单质及汞盐化合物),基于 BSBL （11） 八/九/十氯联苯 + 多氯萘 + Metals（金属）开始 类别定义及化学母体/代表性化合物补全
368,BSBL 限制物质清单 v8.0,BSBL受限物质总表(1726条),ID-1384,肼及其盐和水合物,"Hydrazine, its salts and hydrates",原始值: 'Several' (标准CAS为空),302-01-2 (无水肼) / 7803-57-8 (一水合肼),基于 BSBL （11） 八/九/十氯联苯 + 多氯萘 + Metals（金属）开始 类别定义及化学母体/代表性化合物补全
369,BSBL 限制物质清单 v8.0,BSBL受限物质总表(1726条),ID-1387,I类消耗臭氧层物质,Ozone depleting substances (CFCs) class I,原始值: 'Several' (标准CAS为空),蒙特利尔议定书附件A组I (CFC-11/12等),基于 BSBL （11） 八/九/十氯联苯 + 多氯萘 + Metals（金属）开始 类别定义及化学母体/代表性化合物补全
370,BSBL 限制物质清单 v8.0,BSBL受限物质总表(1726条),ID-1404,五氯三氟丙烷（CFC-213）,Pentachlorotrifluoropropane,原始值: '2354/6/5' (标准CAS为空),2354-06-5,修复原始数据中被 Excel 误识别为日期的 CAS 号（原字符串: 2354/6/5）
371,BSBL 限制物质清单 v8.0,BSBL受限物质总表(1726条),ID-1447,II类消耗臭氧层物质,Ozone depleting substances (CFCs) class II,原始值: 'Several' (标准CAS为空),蒙特利尔议定书附件B组I (CFC-13/114等),基于 BSBL （12）Ozone Depleting Substances（续） 类别定义及化学母体/代表性化合物补全
372,BSBL 限制物质清单 v8.0,BSBL受限物质总表(1726条),ID-1479,二氯五氟丙烷,Dichloropentafluoropropane,原始值: '—' (标准CAS为空),422-56-0 (HCFC-225ca) / 507-55-1 (HCFC-225cb),基于 BSBL （12）Ozone Depleting Substances（续） 类别定义及化学母体/代表性化合物补全
373,BSBL 限制物质清单 v8.0,BSBL受限物质总表(1726条),ID-1506,非聚合物和非染料PFAS,PFAS other than polymers and dyes,原始值: 'Several' (标准CAS为空),PFAS非聚合物小分子化合物类目管控,基于 BSBL （13）Ozone Depleting Substances（续）+ PFAS开始 类别定义及化学母体/代表性化合物补全
374,BSBL 限制物质清单 v8.0,BSBL受限物质总表(1726条),ID-1507,PFAS反应混合物,Reaction mass of … fluorinated morpholines,原始值: '—' (标准CAS为空),全氟氟化吗啉等反应混合物 (EC 473-390-7),基于 BSBL （13）Ozone Depleting Substances（续）+ PFAS开始 类别定义及化学母体/代表性化合物补全
375,BSBL 限制物质清单 v8.0,BSBL受限物质总表(1726条),ID-1510,全氟丁酸及其盐,Perfluorobutanoic acid and its salts,原始值: 'Several' (标准CAS为空),375-22-4 (PFBA母体) / 2218-54-4 (钠盐),基于 BSBL （13）Ozone Depleting Substances（续）+ PFAS开始 类别定义及化学母体/代表性化合物补全
376,BSBL 限制物质清单 v8.0,BSBL受限物质总表(1726条),ID-1512,全氟丁酸相关物质,Perfluorobutanoic acid related substances,原始值: 'Several' (标准CAS为空),375-22-4 (PFBA前体与衍生物),基于 BSBL （13）Ozone Depleting Substances（续）+ PFAS开始 类别定义及化学母体/代表性化合物补全
377,BSBL 限制物质清单 v8.0,BSBL受限物质总表(1726条),ID-1514,全氟己酸及其盐,Perfluorohexanoic acid and its salts,原始值: 'Several' (标准CAS为空),307-24-4 (PFHxA母体) / 2923-26-4 (钠盐),基于 BSBL （13）Ozone Depleting Substances（续）+ PFAS开始 类别定义及化学母体/代表性化合物补全
378,BSBL 限制物质清单 v8.0,BSBL受限物质总表(1726条),ID-1518,全氟己酸相关物质,Perfluorohexanoic acid related substances,原始值: 'Several' (标准CAS为空),307-24-4 (PFHxA前体与衍生物),基于 BSBL （13）Ozone Depleting Substances（续）+ PFAS开始 类别定义及化学母体/代表性化合物补全
379,BSBL 限制物质清单 v8.0,BSBL受限物质总表(1726条),ID-1526,全氟己基乙醇类,Perfluorohexylethyl alcohols,原始值: '—' (标准CAS为空),647-42-7 (6:2 氟调聚醇 FTOH),基于 BSBL （13）Ozone Depleting Substances（续）+ PFAS开始 类别定义及化学母体/代表性化合物补全
380,BSBL 限制物质清单 v8.0,BSBL受限物质总表(1726条),ID-1527,全氟己基乙烯类,Perfluorohexylethyl olefins,原始值: '—' (标准CAS为空),25291-17-2 (6:2 氟调聚烯烃),基于 BSBL （13）Ozone Depleting Substances（续）+ PFAS开始 类别定义及化学母体/代表性化合物补全
381,BSBL 限制物质清单 v8.0,BSBL受限物质总表(1726条),ID-1528,全氟己基乙基卤化物,Perfluorohexylethyl halides,原始值: '—' (标准CAS为空),2043-47-2 (6:2 氟调聚碘代烷),基于 BSBL （13）Ozone Depleting Substances（续）+ PFAS开始 类别定义及化学母体/代表性化合物补全
382,BSBL 限制物质清单 v8.0,BSBL受限物质总表(1726条),ID-1529,全氟己基乙基丙烯酸酯或甲基丙烯酸酯,Perfluorohexylethyl acrylates or methacrylates,原始值: '—' (标准CAS为空),17527-29-6 (6:2 FTA) / 2144-53-8,基于 BSBL （14） PFAS（续） 类别定义及化学母体/代表性化合物补全
383,BSBL 限制物质清单 v8.0,BSBL受限物质总表(1726条),ID-1530,全氟庚酸及其盐,Perfluoroheptanoic acid and its salts,原始值: 'Several' (标准CAS为空),375-85-9 / 20109-59-5,基于 BSBL （14） PFAS（续） 类别定义及化学母体/代表性化合物补全
384,BSBL 限制物质清单 v8.0,BSBL受限物质总表(1726条),ID-1533,全氟辛酸及其盐,Perfluorooctanoic acid and its salts,原始值: 'Several' (标准CAS为空),335-67-1 (PFOA母体) / 3825-26-1 (铵盐),基于 BSBL （14） PFAS（续） 类别定义及化学母体/代表性化合物补全
385,BSBL 限制物质清单 v8.0,BSBL受限物质总表(1726条),ID-1539,全氟辛酸相关物质,Perfluorooctanoic acid related substances,原始值: 'Several' (标准CAS为空),335-67-1 (PFOA前体与衍生物),基于 BSBL （14） PFAS（续） 类别定义及化学母体/代表性化合物补全
386,BSBL 限制物质清单 v8.0,BSBL受限物质总表(1726条),ID-1549,全氟辛基乙醇类,Perfluorooctylethyl alcohols,原始值: '—' (标准CAS为空),678-39-7 (8:2 氟调聚醇 FTOH),基于 BSBL （14） PFAS（续） 类别定义及化学母体/代表性化合物补全
387,BSBL 限制物质清单 v8.0,BSBL受限物质总表(1726条),ID-1550,全氟辛基乙烯类,Perfluorooctylethyl olefins,原始值: '—' (标准CAS为空),21652-58-4 (8:2 氟调聚烯烃),基于 BSBL （14） PFAS（续） 类别定义及化学母体/代表性化合物补全
388,BSBL 限制物质清单 v8.0,BSBL受限物质总表(1726条),ID-1551,全氟辛基乙基卤化物,Perfluorooctylethyl halides,原始值: '—' (标准CAS为空),2043-53-0 (8:2 氟调聚碘代烷),基于 BSBL （14） PFAS（续） 类别定义及化学母体/代表性化合物补全
389,BSBL 限制物质清单 v8.0,BSBL受限物质总表(1726条),ID-1552,全氟辛基乙基丙烯酸酯或甲基丙烯酸酯,Perfluorooctylethyl acrylate or methacrylate,原始值: '—' (标准CAS为空),27905-45-9 (8:2 FTA) / 1996-88-9,基于 BSBL （14） PFAS（续） 类别定义及化学母体/代表性化合物补全
390,BSBL 限制物质清单 v8.0,BSBL受限物质总表(1726条),ID-1553,C9-C21全氟羧酸及其盐,Perfluorocarboxylic acids (C9-C21) and its salts,原始值: 'Several' (标准CAS为空),375-95-1 (C9 PFNA基准) / 335-76-2 (C10 PFDA),基于 BSBL （14） PFAS（续） 类别定义及化学母体/代表性化合物补全
391,BSBL 限制物质清单 v8.0,BSBL受限物质总表(1726条),ID-1573,C9-C21全氟羧酸相关物质,Perfluorocarboxylic acid (C9-C21) related substances,原始值: 'Several' (标准CAS为空),375-95-1 (C9-C21 PFCAs前体与衍生物),基于 BSBL （14） PFAS（续） 类别定义及化学母体/代表性化合物补全
392,BSBL 限制物质清单 v8.0,BSBL受限物质总表(1726条),ID-1580,支链全氟烷基化合物,"Perfluoroalkyl compounds, branched",原始值: 'Several' (标准CAS为空),支链全氟烷基化合物类目管控,基于 BSBL （15） PFAS（多氟和全氟烷基物质） 类别定义及化学母体/代表性化合物补全
393,BSBL 限制物质清单 v8.0,BSBL受限物质总表(1726条),ID-1581,"2,3,3,3-四氟-2-(七氟丙氧基)丙酸及其盐和酰卤","2,3,3,3-tetrafluoro-2-(heptafluoropropoxy)propionic acid, its salts and its acyl halides",原始值: '—' (标准CAS为空),13252-13-6 / 62037-80-3,基于 BSBL （15） PFAS（多氟和全氟烷基物质） 类别定义及化学母体/代表性化合物补全
394,BSBL 限制物质清单 v8.0,BSBL受限物质总表(1726条),ID-1586,全氟丁烷磺酸及其盐,Perfluorobutane sulfonic acid and its salts,原始值: 'Several' (标准CAS为空),375-73-5 / 29420-49-3,基于 BSBL （15） PFAS（多氟和全氟烷基物质） 类别定义及化学母体/代表性化合物补全
395,BSBL 限制物质清单 v8.0,BSBL受限物质总表(1726条),ID-1589,全氟丁烷磺酸及其衍生物,Perfluorobutane sulfonic acid and its derivatives,原始值: 'Several' (标准CAS为空),375-73-5 / 29420-49-3,基于 BSBL （15） PFAS（多氟和全氟烷基物质） 类别定义及化学母体/代表性化合物补全
396,BSBL 限制物质清单 v8.0,BSBL受限物质总表(1726条),ID-1591,全氟丁烷磺酰胺乙醇类,Perfluorobutane sulfon amido ethanols,原始值: '—' (标准CAS为空),34454-97-2 (MeFBSE) / 34449-89-3,基于 BSBL （15） PFAS（多氟和全氟烷基物质） 类别定义及化学母体/代表性化合物补全
397,BSBL 限制物质清单 v8.0,BSBL受限物质总表(1726条),ID-1592,全氟丁烷磺酰胺乙基(甲基)丙烯酸酯类,Perfluorobutane sulfon amidoethyl (meth)acrylates,原始值: '—' (标准CAS为空),67584-55-8 (MeFBSEA),基于 BSBL （15） PFAS（多氟和全氟烷基物质） 类别定义及化学母体/代表性化合物补全
398,BSBL 限制物质清单 v8.0,BSBL受限物质总表(1726条),ID-1593,全氟丁烷磺酰卤,Perfluorobutane sulfon halides,原始值: '—' (标准CAS为空),375-72-4 (全氟丁基磺酰氟 PFBSF),基于 BSBL （15） PFAS（多氟和全氟烷基物质） 类别定义及化学母体/代表性化合物补全
399,BSBL 限制物质清单 v8.0,BSBL受限物质总表(1726条),ID-1594,全氟己烷磺酸及其盐,Perfluorohexane sulfonic acid and its salts,原始值: 'Several' (标准CAS为空),355-46-4 / 3871-99-6,基于 BSBL （15） PFAS（多氟和全氟烷基物质） 类别定义及化学母体/代表性化合物补全
400,BSBL 限制物质清单 v8.0,BSBL受限物质总表(1726条),ID-1633,全氟己烷磺酸及其衍生物,Perfluorohexane sulfonic acid and its derivatives,原始值: 'Several' (标准CAS为空),355-46-4 / 3871-99-6,基于 BSBL （15） PFAS（多氟和全氟烷基物质） 类别定义及化学母体/代表性化合物补全
401,BSBL 限制物质清单 v8.0,BSBL受限物质总表(1726条),ID-1637,全氟己烷磺酰胺类,Perfluorohexane sulfon amides,原始值: '—' (标准CAS为空),41997-13-1 (全氟己基磺酰胺 FHxSA),基于 BSBL （15） PFAS（多氟和全氟烷基物质） 类别定义及化学母体/代表性化合物补全
402,BSBL 限制物质清单 v8.0,BSBL受限物质总表(1726条),ID-1638,全氟己烷磺酰胺乙醇类,Perfluorohexane sulfon amidoethanols,原始值: '—' (标准CAS为空),34455-03-3 (MeFHxSE),基于 BSBL （15） PFAS（多氟和全氟烷基物质） 类别定义及化学母体/代表性化合物补全
403,BSBL 限制物质清单 v8.0,BSBL受限物质总表(1726条),ID-1639,全氟己烷磺酰胺乙基(甲基)丙烯酸酯类,Perfluorohexane sulfon amidoethyl (meth)acrylates,原始值: '—' (标准CAS为空),67584-57-0,基于 BSBL （15） PFAS（多氟和全氟烷基物质） 类别定义及化学母体/代表性化合物补全
404,BSBL 限制物质清单 v8.0,BSBL受限物质总表(1726条),ID-1640,全氟己烷磺酰卤,Perfluorohexane sulfon halides,原始值: '—' (标准CAS为空),423-50-7 (全氟己基磺酰氟 PFHxSF),基于 BSBL （15） PFAS（多氟和全氟烷基物质） 类别定义及化学母体/代表性化合物补全
405,BSBL 限制物质清单 v8.0,BSBL受限物质总表(1726条),ID-1641,全氟辛烷磺酸及其盐,Perfluorooctane sulfonic acid and its salts,原始值: 'Several' (标准CAS为空),1763-23-1 / 2795-39-3,基于 BSBL （15） PFAS（多氟和全氟烷基物质） 类别定义及化学母体/代表性化合物补全
406,BSBL 限制物质清单 v8.0,BSBL受限物质总表(1726条),ID-1650,全氟辛烷磺酸及其衍生物,Perfluorooctane sulfonic acid and its derivatives,原始值: 'Several' (标准CAS为空),1763-23-1,基于 BSBL （16） PFAS（续）+ Tin-organic Compounds（有机锡化合物） 类别定义及化学母体/代表性化合物补全
407,BSBL 限制物质清单 v8.0,BSBL受限物质总表(1726条),ID-1657,全氟辛烷磺酰胺类,Perfluorooctane sulfon amides,原始值: '—' (标准CAS为空),754-91-6 (全氟辛基磺酰胺 FOSA),基于 BSBL （16） PFAS（续）+ Tin-organic Compounds（有机锡化合物） 类别定义及化学母体/代表性化合物补全
408,BSBL 限制物质清单 v8.0,BSBL受限物质总表(1726条),ID-1658,全氟辛烷磺酰胺乙醇类,Perfluorooctane sulfon amidoethanols,原始值: '—' (标准CAS为空),24448-09-7 (MeFOSE) / 1691-99-2,基于 BSBL （16） PFAS（续）+ Tin-organic Compounds（有机锡化合物） 类别定义及化学母体/代表性化合物补全
409,BSBL 限制物质清单 v8.0,BSBL受限物质总表(1726条),ID-1659,全氟辛烷磺酰胺乙基(甲基)丙烯酸酯类,Perfluorooctane sulfon amidoethyl (meth)acrylates,原始值: '—' (标准CAS为空),25268-77-3 (MeFOSEA) / 383-07-3,基于 BSBL （16） PFAS（续）+ Tin-organic Compounds（有机锡化合物） 类别定义及化学母体/代表性化合物补全
410,BSBL 限制物质清单 v8.0,BSBL受限物质总表(1726条),ID-1660,全氟辛烷磺酰卤,Perfluorooctane sulfon halides,原始值: '—' (标准CAS为空),307-35-7 (全氟辛基磺酰氟 POSF),基于 BSBL （16） PFAS（续）+ Tin-organic Compounds（有机锡化合物） 类别定义及化学母体/代表性化合物补全
411,BSBL 限制物质清单 v8.0,BSBL受限物质总表(1726条),ID-1661,长链全氟烷基磺酸及其盐 F(CF₂)n，n>8,Perfluoroalkyl sulfonic acid and its salts - F(CF2)n [n>8],原始值: 'Several' (标准CAS为空),335-77-3 (C10 PFDS基准) / 2806-15-7,基于 BSBL （16） PFAS（续）+ Tin-organic Compounds（有机锡化合物） 类别定义及化学母体/代表性化合物补全
412,BSBL 限制物质清单 v8.0,BSBL受限物质总表(1726条),ID-1665,长链全氟烷基磺酸衍生物 F(CF₂)n，n>8,Perfluoroalkyl sulfonic acid and its derivatives - F(CF2)n [n>8],原始值: 'Several' (标准CAS为空),335-77-3 (长链全氟磺酸前体衍生物),基于 BSBL （16） PFAS（续）+ Tin-organic Compounds（有机锡化合物） 类别定义及化学母体/代表性化合物补全
413,BSBL 限制物质清单 v8.0,BSBL受限物质总表(1726条),ID-1666,长链全氟烷基磺酰胺类,Perfluoroalkyl sulfon amides - F(CF2)n [n>8],原始值: '—' (标准CAS为空),4151-50-2 (长链全氟烷基磺酰胺基准),基于 BSBL （16） PFAS（续）+ Tin-organic Compounds（有机锡化合物） 类别定义及化学母体/代表性化合物补全
414,BSBL 限制物质清单 v8.0,BSBL受限物质总表(1726条),ID-1667,长链全氟烷基磺酰胺乙醇类,Perfluoroalkyl sulfon amidoethanols - F(CF2)n [n>8],原始值: '—' (标准CAS为空),34455-03-3衍生,基于 BSBL （16） PFAS（续）+ Tin-organic Compounds（有机锡化合物） 类别定义及化学母体/代表性化合物补全
415,BSBL 限制物质清单 v8.0,BSBL受限物质总表(1726条),ID-1668,长链全氟烷基磺酰胺乙基(甲基)丙烯酸酯,Perfluoroalkyl sulfon amidoethyl (meth)acrylates - F(CF2)n [n>8],原始值: '—' (标准CAS为空),67584-58-1,基于 BSBL （16） PFAS（续）+ Tin-organic Compounds（有机锡化合物） 类别定义及化学母体/代表性化合物补全
416,BSBL 限制物质清单 v8.0,BSBL受限物质总表(1726条),ID-1669,长链全氟烷基磺酰卤,Perfluoroalkyl sulfon halides - F(CF2)n [n>8],原始值: '—' (标准CAS为空),307-35-7同系物,基于 BSBL （16） PFAS（续）+ Tin-organic Compounds（有机锡化合物） 类别定义及化学母体/代表性化合物补全
417,BSBL 限制物质清单 v8.0,BSBL受限物质总表(1726条),ID-1670,甲基锡化合物,Methyltin compounds,原始值: 'Several' (标准CAS为空),993-16-8 (基准三氯甲基锡母核),基于 BSBL （16） PFAS（续）+ Tin-organic Compounds（有机锡化合物） 类别定义及化学母体/代表性化合物补全
418,BSBL 限制物质清单 v8.0,BSBL受限物质总表(1726条),ID-1671,单甲基锡化合物（MMT）,Monomethyltin compounds,原始值: 'Several' (标准CAS为空),993-16-8 (三氯甲基锡),基于 BSBL （16） PFAS（续）+ Tin-organic Compounds（有机锡化合物） 类别定义及化学母体/代表性化合物补全
419,BSBL 限制物质清单 v8.0,BSBL受限物质总表(1726条),ID-1673,二甲基锡化合物（DMT）,Dimethyltin compounds,原始值: 'Several' (标准CAS为空),753-73-1 (二氯二甲基锡),基于 BSBL （16） PFAS（续）+ Tin-organic Compounds（有机锡化合物） 类别定义及化学母体/代表性化合物补全
420,BSBL 限制物质清单 v8.0,BSBL受限物质总表(1726条),ID-1675,三甲基锡化合物（TMT）,Trimethyltin compounds,原始值: 'Several' (标准CAS为空),1066-45-1 (三甲基氯化锡),基于 BSBL （16） PFAS（续）+ Tin-organic Compounds（有机锡化合物） 类别定义及化学母体/代表性化合物补全
421,BSBL 限制物质清单 v8.0,BSBL受限物质总表(1726条),ID-1677,乙基锡化合物,Ethyltin compounds,原始值: 'Several' (标准CAS为空),597-64-8 (四乙基锡母核),基于 BSBL （16） PFAS（续）+ Tin-organic Compounds（有机锡化合物） 类别定义及化学母体/代表性化合物补全
422,BSBL 限制物质清单 v8.0,BSBL受限物质总表(1726条),ID-1678,四乙基锡化合物（TeET）,Tetraethyltin compounds,原始值: 'Several' (标准CAS为空),597-64-8 (四乙基锡),基于 BSBL （16） PFAS（续）+ Tin-organic Compounds（有机锡化合物） 类别定义及化学母体/代表性化合物补全
423,BSBL 限制物质清单 v8.0,BSBL受限物质总表(1726条),ID-1680,丙基锡化合物,Propyltin compounds,原始值: 'Several' (标准CAS为空),867-36-7 (基准二氯二丙基锡母核),基于 BSBL （16） PFAS（续）+ Tin-organic Compounds（有机锡化合物） 类别定义及化学母体/代表性化合物补全
424,BSBL 限制物质清单 v8.0,BSBL受限物质总表(1726条),ID-1681,二丙基锡化合物（DPT）,Dipropyltin compounds,原始值: 'Several' (标准CAS为空),867-36-7 (二氯二丙基锡),基于 BSBL （16） PFAS（续）+ Tin-organic Compounds（有机锡化合物） 类别定义及化学母体/代表性化合物补全
425,BSBL 限制物质清单 v8.0,BSBL受限物质总表(1726条),ID-1683,三丙基锡化合物（TPT）,Tripropyltin compounds,原始值: 'Several' (标准CAS为空),2279-76-7 (三丙基氯化锡),基于 BSBL （16） PFAS（续）+ Tin-organic Compounds（有机锡化合物） 类别定义及化学母体/代表性化合物补全
426,BSBL 限制物质清单 v8.0,BSBL受限物质总表(1726条),ID-1685,丁基锡化合物,Butyltin compounds,原始值: 'Several' (标准CAS为空),1118-46-3 (基准单丁基锡母核),基于 BSBL （16） PFAS（续）+ Tin-organic Compounds（有机锡化合物） 类别定义及化学母体/代表性化合物补全
427,BSBL 限制物质清单 v8.0,BSBL受限物质总表(1726条),ID-1686,单丁基锡化合物（MBT）,Monobutyltin compounds,原始值: 'Several' (标准CAS为空),1118-46-3 (三氯单丁基锡),基于 BSBL （16） PFAS（续）+ Tin-organic Compounds（有机锡化合物） 类别定义及化学母体/代表性化合物补全
428,BSBL 限制物质清单 v8.0,BSBL受限物质总表(1726条),ID-1689,二丁基锡化合物（DBT）,Dibutyltin compounds,原始值: 'Several' (标准CAS为空),683-18-1 (二氯二丁基锡) / 818-08-6 (氧化二丁基锡),基于 BSBL （16） PFAS（续）+ Tin-organic Compounds（有机锡化合物） 类别定义及化学母体/代表性化合物补全
429,BSBL 限制物质清单 v8.0,BSBL受限物质总表(1726条),ID-1692,马来酸二丁基锡,Dibutyltin maleate,原始值: '1978/4/6' (标准CAS为空),78-04-6,修复原始数据中被 Excel 误识别为日期的 CAS 号（原字符串: 1978/4/6）
430,BSBL 限制物质清单 v8.0,BSBL受限物质总表(1726条),ID-1698,三丁基锡化合物（TBT）,Tributyltin compounds,原始值: 'Several' (标准CAS为空),56-35-9 (氧化三丁基锡) / 1461-22-9 (三丁基氯化锡),基于 BSBL （16） PFAS（续）+ Tin-organic Compounds（有机锡化合物） 类别定义及化学母体/代表性化合物补全
431,BSBL 限制物质清单 v8.0,BSBL受限物质总表(1726条),ID-1702,四丁基锡化合物（TeBT）,Tetrabutyltin compounds,原始值: 'Several' (标准CAS为空),1461-25-2 (四丁基锡),基于 BSBL （16） PFAS（续）+ Tin-organic Compounds（有机锡化合物） 类别定义及化学母体/代表性化合物补全
432,BSBL 限制物质清单 v8.0,BSBL受限物质总表(1726条),ID-1704,己基锡化合物,Hexyltin compounds,原始值: 'Several' (标准CAS为空),3091-32-5 (三环己基锡母核),基于 BSBL （16） PFAS（续）+ Tin-organic Compounds（有机锡化合物） 类别定义及化学母体/代表性化合物补全
433,BSBL 限制物质清单 v8.0,BSBL受限物质总表(1726条),ID-1705,三环己基锡化合物（TCyHT）,Tricyclohexyltin compounds,原始值: 'Several' (标准CAS为空),3091-32-5 (三环己基氯化锡),基于 BSBL （16） PFAS（续）+ Tin-organic Compounds（有机锡化合物） 类别定义及化学母体/代表性化合物补全
434,BSBL 限制物质清单 v8.0,BSBL受限物质总表(1726条),ID-1707,辛基锡化合物,Octyltin compounds,原始值: 'Several' (标准CAS为空),3091-25-6 (基准单辛基锡母核),基于 BSBL （16） PFAS（续）+ Tin-organic Compounds（有机锡化合物） 类别定义及化学母体/代表性化合物补全
435,BSBL 限制物质清单 v8.0,BSBL受限物质总表(1726条),ID-1708,单辛基锡化合物（MOT）,Monooctyltin compounds,原始值: 'Several' (标准CAS为空),3091-25-6 (三氯单辛基锡),基于 BSBL （16） PFAS（续）+ Tin-organic Compounds（有机锡化合物） 类别定义及化学母体/代表性化合物补全
436,BSBL 限制物质清单 v8.0,BSBL受限物质总表(1726条),ID-1710,二辛基锡化合物（DOT）,Dioctyltin compounds,原始值: 'Several' (标准CAS为空),3542-36-7 (二氯二辛基锡) / 3648-18-8 (二月桂酸二辛基锡),基于 BSBL （16） PFAS（续）+ Tin-organic Compounds（有机锡化合物） 类别定义及化学母体/代表性化合物补全
437,BSBL 限制物质清单 v8.0,BSBL受限物质总表(1726条),ID-1715,三辛基锡化合物（TOT）,Trioctyltin compounds,原始值: 'Several' (标准CAS为空),2587-76-0 (三辛基氯化锡),基于 BSBL （16） PFAS（续）+ Tin-organic Compounds（有机锡化合物） 类别定义及化学母体/代表性化合物补全
438,BSBL 限制物质清单 v8.0,BSBL受限物质总表(1726条),ID-1717,四辛基锡化合物（TeOT）,Tetraoctyltin compounds,原始值: 'Several' (标准CAS为空),3590-84-9 (四辛基锡),基于 BSBL （16） PFAS（续）+ Tin-organic Compounds（有机锡化合物） 类别定义及化学母体/代表性化合物补全
439,BSBL 限制物质清单 v8.0,BSBL受限物质总表(1726条),ID-1719,苯基锡化合物,Phenyltin compounds,原始值: 'Several' (标准CAS为空),1124-19-2 (基准单苯基锡母核),基于 BSBL （16） PFAS（续）+ Tin-organic Compounds（有机锡化合物） 类别定义及化学母体/代表性化合物补全
440,BSBL 限制物质清单 v8.0,BSBL受限物质总表(1726条),ID-1720,单苯基锡化合物（MPhT）,Monophenyltin compounds,原始值: 'Several' (标准CAS为空),1124-19-2 (三氯苯基锡),基于 BSBL （16） PFAS（续）+ Tin-organic Compounds（有机锡化合物） 类别定义及化学母体/代表性化合物补全
441,BSBL 限制物质清单 v8.0,BSBL受限物质总表(1726条),ID-1722,二苯基锡化合物（DPhT）,Diphenyltin compounds,原始值: 'Several' (标准CAS为空),1135-99-5 (二氯二苯基锡),基于 BSBL （16） PFAS（续）+ Tin-organic Compounds（有机锡化合物） 类别定义及化学母体/代表性化合物补全
442,BSBL 限制物质清单 v8.0,BSBL受限物质总表(1726条),ID-1724,三苯基锡化合物（TPhT）,Triphenyltin compounds,原始值: 'Several' (标准CAS为空),668-34-8 (三苯基锡) / 639-58-7 (三苯基氯化锡),基于 BSBL （16） PFAS（续）+ Tin-organic Compounds（有机锡化合物） 类别定义及化学母体/代表性化合物补全
